"lcl","Median","ucl","Mean","SD","MCerr","MC.ofSD","SSeff","AC.100","Rhat","parameter","Year","demographic"
0.125879069684984,0.140495281990751,0.15546619924549,0.140528963887374,0.0075396555558153,0.0002406285312907,3.2,982,0.965532385127431,1.00399974434614,"agebeta",NA,"agebeta"
0.861014065241796,0.961854886009029,0.999254885889183,0.949169481307445,0.0448232582339841,0.000262354798752832,0.6,29190,0.0132950126618958,1.00140229722407,"phi.ad[1]",1979,"breed.propensity"
0.813103909466437,0.925411430256012,0.996865056304226,0.915686545180862,0.0529278913548291,0.000221616224717165,0.4,57038,0.00346657651193573,1.00060687295739,"phi.ad[2]",1979,"breed.propensity"
0.790492851836527,0.933583537299223,0.999194905611167,0.917107246828303,0.062829375898809,0.000256313659079758,0.4,60087,0.00360901462553413,1.00056858734908,"phi.ad[3]",1980,"breed.propensity"
0.815358656586624,0.914656992743272,0.993746670482293,0.908644032915507,0.0492109087685247,0.000199840490474311,0.4,60640,0.00175309807207173,1.00013168013613,"phi.ad[4]",1980,"breed.propensity"
0.725602431465941,0.859664913059785,0.972978210180294,0.85439487772003,0.0657762233764035,0.000414029986113,0.6,25239,0.0273995826286237,1.00075552445634,"phi.ad[5]",1981,"breed.propensity"
0.857145037216131,0.941881674335467,0.997328044548048,0.934464277052227,0.0401673671075427,0.000185587055913968,0.5,46844,0.00607093818843276,1.00091161950152,"phi.ad[6]",1981,"breed.propensity"
0.897725121839265,0.959312877160149,0.998218465753512,0.953893430117389,0.0289536532751832,0.000163962637305026,0.6,31183,0.0153991543790602,1.000936822091,"phi.ad[7]",1982,"breed.propensity"
0.941343530551234,0.978041827930765,0.999079128842819,0.974425568842676,0.0170304506315439,0.000154537541652523,0.9,12145,0.0441483650022237,1.00159734896396,"phi.ad[8]",1982,"breed.propensity"
0.816735571456544,0.909751105263093,0.98806722376552,0.904792429638102,0.0462940558146965,0.000195269996106255,0.4,56206,0.00544330867194863,1.00028285461557,"phi.ad[9]",1983,"breed.propensity"
0.908606461342151,0.965065029008888,0.998350897197348,0.959789960649512,0.0262386740762196,0.00016136798551996,0.6,26439,0.0182455360281498,1.0006686439099,"phi.ad[10]",1983,"breed.propensity"
0.836532919763311,0.916908661288955,0.983696247869448,0.913560403617452,0.0390373971233123,0.000161039626687248,0.4,58762,0.00247875905121475,1.00019159641201,"phi.ad[11]",1984,"breed.propensity"
0.854346544379738,0.92869850842409,0.991289153210107,0.924867216683893,0.0370468852862883,0.000151904418253348,0.4,59479,-0.00119403028922479,1.00006809174473,"phi.ad[12]",1984,"breed.propensity"
0.82219936845899,0.904838229308502,0.977113918108519,0.901454666031988,0.040542501493658,0.000192344629614872,0.5,44428,0.0172814738785883,1.00031917673011,"phi.ad[13]",1985,"breed.propensity"
0.870669623821908,0.940587060917174,0.994348178039114,0.935991471773689,0.0338910215618829,0.000140439863299091,0.4,58236,0.00991040107143908,1.00036245907211,"phi.ad[14]",1985,"breed.propensity"
0.856194312574949,0.953738576170394,0.99880402950733,0.942615145701478,0.0426434086936814,0.000174090986987472,0.4,60000,0.000993056912131792,1.00088706422187,"phi.ad[15]",1986,"breed.propensity"
0.939068794024754,0.976626112715306,0.998521025889585,0.973060416606716,0.0173035553214572,0.000130072812005201,0.8,17697,0.0309438380746768,1.00138795399175,"phi.ad[16]",1986,"breed.propensity"
0.896107307762911,0.964739522017554,0.998748174327343,0.957240086046346,0.0304767401810151,0.000133773398292778,0.4,51904,0.00773430586756227,1.00073484859901,"phi.ad[17]",1987,"breed.propensity"
0.899791705943763,0.96558532394046,0.999172934310659,0.958432432613538,0.0296299660025509,0.000130944583575677,0.4,51202,0.0054420847227153,1.00123799071082,"phi.ad[18]",1987,"breed.propensity"
0.891414144444572,0.952626629926252,0.996084354493301,0.948125811932579,0.0292019769445617,0.000119626904499608,0.4,59589,0.00107335806915333,1.00102659651659,"phi.ad[19]",1988,"breed.propensity"
0.804774557731768,0.879034692557095,0.951352185605139,0.877867559159543,0.0376039568771398,0.00029690077703904,0.8,16041,0.0429294325277751,1.00105555290418,"phi.ad[20]",1988,"breed.propensity"
0.930404642163477,0.970989725622001,0.997928453807493,0.967565337578621,0.0191951799779666,0.000142210164617593,0.7,18219,0.0335564037376553,1.00024186956912,"phi.ad[21]",1989,"breed.propensity"
0.904818747196173,0.956803790995665,0.995293820692444,0.953367360790771,0.025088778679301,0.000119574383242316,0.5,44023,0.0125662258183995,1.00077402905012,"phi.ad[22]",1989,"breed.propensity"
0.823568821923421,0.900176559052874,0.974209641390405,0.899128797662003,0.0390713926728991,0.000235918796749912,0.6,27428,0.0531400145856475,1.000330972661,"phi.ad[23]",1990,"breed.propensity"
0.854580510944399,0.946487404462021,0.998406237249198,0.937678504785176,0.0420965912724525,0.000200239230409792,0.5,44197,0.0254009792906018,1.0007366803205,"phi.ad[24]",1990,"breed.propensity"
0.865051380414711,0.927163086042931,0.979592263079001,0.924819526183727,0.0297645511808206,0.000144704957087179,0.5,42309,0.0236881923562008,1.00038696002588,"phi.ad[25]",1991,"breed.propensity"
0.923519425767127,0.956547724472307,0.98869325220801,0.95585439718454,0.0169053524011493,0.000274932082584048,1.6,3781,0.739363517159029,1.00139978235453,"phi.ad[26]",1991,"breed.propensity"
0.947024855677524,0.975101060325195,0.997040263409461,0.973420961081718,0.0137425465498268,0.000116778992084399,0.8,13849,0.347513241521705,1.00150188098774,"phi.ad[27]",1992,"breed.propensity"
0.954226219221284,0.981006176193021,0.998906992832561,0.978733244191792,0.0127848404528458,0.000163628868189001,1.3,6105,0.436640171094703,1.00296168899263,"phi.ad[28]",1992,"breed.propensity"
0.889309095111724,0.938000942264236,0.983466907969443,0.937080280800396,0.0242930890706616,0.000243724577742122,1,9935,0.398922188002137,1.00022776453561,"phi.ad[29]",1993,"breed.propensity"
0.8406258930473,0.899336798687629,0.954487521969102,0.897791596345898,0.0293498894977975,0.000409211171109849,1.4,5144,0.502291762946141,1.00049516656956,"phi.ad[30]",1993,"breed.propensity"
0.896539354458026,0.929203135455634,0.961052094064792,0.928796747665765,0.0165074467444018,0.000197748655142038,1.2,6968,0.27731356186736,1.00173424633606,"phi.ad[31]",1994,"breed.propensity"
0.929730985916672,0.959937012709777,0.986742095818158,0.959267215805159,0.0147403160208447,0.000124051997103889,0.8,14119,0.234468932023505,1.00018156775051,"phi.ad[32]",1994,"breed.propensity"
0.939229387667639,0.967074125343802,0.992695290265042,0.966236414523827,0.0139569204164031,0.000156180581647389,1.1,7986,0.29685752089127,1.00070751276387,"phi.ad[33]",1995,"breed.propensity"
0.906204421304411,0.940167728549798,0.972982223163166,0.939934423316923,0.0170378752452334,0.000159459052524617,0.9,11416,0.293176604954038,1.00023561223625,"phi.ad[34]",1995,"breed.propensity"
0.822571260058946,0.861639796956569,0.900013885003424,0.861395811224512,0.019798117070179,0.000206629379317831,1,9180,0.35732771137835,1.00015616736419,"phi.ad[35]",1996,"breed.propensity"
0.91205924361551,0.946513924182844,0.979244005985588,0.945821461653748,0.0172249826230907,0.00013646766393649,0.8,15932,0.237928994513395,1.00009585236484,"phi.ad[36]",1996,"breed.propensity"
0.951626060813638,0.978116859846026,0.997586641406677,0.976347587784795,0.0127019410944201,0.00014604574403198,1.1,7564,0.286963388925423,1.0016884156753,"phi.ad[37]",1997,"breed.propensity"
0.852050226624704,0.886777233848242,0.922351576715591,0.886550669723316,0.0179318970166768,0.000230976294056337,1.3,6027,0.326951166874096,1.00379476036448,"phi.ad[38]",1997,"breed.propensity"
0.941199047808149,0.967282213715273,0.990721559193201,0.966545413719625,0.0128864253754014,0.000105818415636596,0.8,14830,0.272515559402346,1.00216776478597,"phi.ad[39]",1998,"breed.propensity"
0.90553510494373,0.93443503293646,0.962143711837881,0.93405515988813,0.0144815078949289,0.000113222360418703,0.8,16359,0.289850876063479,1.00014659076581,"phi.ad[40]",1998,"breed.propensity"
0.983426005570602,0.993177899254998,0.999418342467286,0.992323804808297,0.00455275498243498,6.86780192589572e-05,1.5,4395,0.109605169112521,1.00279770183988,"phi.ad[41]",1999,"breed.propensity"
0.701891410155604,0.759878424865357,0.826964656240339,0.76198482614282,0.0321692716167902,0.000214179384547868,0.7,22559,0.220933532083215,1.00018490003901,"phi.ad[42]",1999,"breed.propensity"
0.770035399823898,0.833324124815431,0.895384012251135,0.832892006196279,0.0320067442106976,0.00121195342710266,3.8,697,0.744583470192096,1.01201849409375,"phi.juv[1]",2000,"breed.propensity"
0.485700453999501,0.741549573957869,0.971232527761911,0.733071384772073,0.133008279764982,0.000703185581029894,0.5,35778,0.0369999282683127,1.00025030580094,"phi.juv[2]",2000,"breed.propensity"
0.770035399823898,0.833324124815431,0.895384012251135,0.832892006196279,0.0320067442106976,0.00121195342710266,3.8,697,0.744583470192096,1.01201849409375,"phi.juv[3]",2001,"breed.propensity"
0.486854709816022,0.713118140442882,0.953043267830228,0.712436544186652,0.123971879036255,0.00065818789281026,0.5,35477,0.0376012377193647,1.00023563383231,"phi.juv[4]",2001,"breed.propensity"
0.349229557739145,0.587675519657064,0.85003396939803,0.596328669694744,0.130715038276773,0.000771818027226445,0.6,28683,0.0296221778757847,1.00024539919459,"phi.juv[5]",2002,"breed.propensity"
0.570045043837543,0.789097510018913,0.974738363735814,0.779823704453104,0.110142872535913,0.000592831030799156,0.5,34518,0.0246591921241052,1.00034013140131,"phi.juv[6]",2002,"breed.propensity"
0.665283087263437,0.845509966731699,0.987780021307388,0.834819027427117,0.0893493205758456,0.000571749883749637,0.6,24421,0.0398079556762471,1.00119060908167,"phi.juv[7]",2003,"breed.propensity"
0.784044221498086,0.911987291501012,0.994077332271211,0.901317179817439,0.0598713016054901,0.000559279375643224,0.9,11460,0.0654380215584224,1.00201019683475,"phi.juv[8]",2003,"breed.propensity"
0.485778540195544,0.700038075731775,0.929066820874748,0.700994992148118,0.116060790566071,0.000660479528291731,0.6,30878,0.0445638735831455,1.00004850360448,"phi.juv[9]",2004,"breed.propensity"
0.693572172917925,0.8651341018559,0.991368972798785,0.853142515430999,0.0837316192215036,0.000600826457376171,0.7,19421,0.0436581717997256,1.00092254077038,"phi.juv[10]",2004,"breed.propensity"
0.521809888019156,0.718667236144702,0.921916487032191,0.720022521687819,0.104111929441439,0.000650610948376685,0.6,25607,0.0565573302641089,1.00000927709243,"phi.juv[11]",2005,"breed.propensity"
0.554238046164875,0.751597132342808,0.947525831116312,0.749997468814306,0.103388355970485,0.000613050584355329,0.6,28441,0.0474863299232341,1.00021495716623,"phi.juv[12]",2005,"breed.propensity"
0.506226853901871,0.687459685909039,0.891293526621527,0.690238962949453,0.0991723558193321,0.000539163567195845,0.5,33833,0.0323528012525814,1.00002331267227,"phi.juv[13]",2006,"breed.propensity"
0.602519839138615,0.785242034766377,0.96407463194173,0.781533216656563,0.0959038486793218,0.00043301552336616,0.5,49053,0.0188999611663966,1.00004197684074,"phi.juv[14]",2006,"breed.propensity"
0.770035399823898,0.833324124815431,0.895384012251135,0.832892006196279,0.0320067442106976,0.00121195342710266,3.8,697,0.744583470192096,1.01201849409375,"phi.juv[15]",2007,"breed.propensity"
0.780183038407399,0.906341284716535,0.993445791099134,0.89652257568,0.0602465549183318,0.000452469619806616,0.8,17729,0.0512389160258474,1.00184749706424,"phi.juv[16]",2007,"breed.propensity"
0.770035399823898,0.833324124815431,0.895384012251135,0.832892006196279,0.0320067442106976,0.00121195342710266,3.8,697,0.744583470192096,1.01201849409375,"phi.juv[17]",2008,"breed.propensity"
0.770035399823898,0.833324124815431,0.895384012251135,0.832892006196279,0.0320067442106976,0.00121195342710266,3.8,697,0.744583470192096,1.01201849409375,"phi.juv[18]",2008,"breed.propensity"
0.645065246561979,0.823377344468118,0.975169287494133,0.816290984441788,0.0891295047233185,0.00045956933003868,0.5,37613,0.0311807842553152,1.00033463606139,"phi.juv[19]",2009,"breed.propensity"
0.468292323746964,0.628728690049827,0.808271309893016,0.633151261882063,0.0873147566256391,0.000724898204224554,0.8,14508,0.0940401852727858,1.00032894572929,"phi.juv[20]",2009,"breed.propensity"
0.753724137454564,0.885550503230683,0.988590932680466,0.877617261434904,0.0647467010378429,0.000499696718147081,0.8,16789,0.0494095234633779,1.00050199720449,"phi.juv[21]",2010,"breed.propensity"
0.683080758557855,0.837171032029412,0.976696004062181,0.831671280757916,0.078880244704503,0.000418535587794525,0.5,35520,0.0352928350374722,1.00051555522333,"phi.juv[22]",2010,"breed.propensity"
0.51104547954782,0.677832766161729,0.872166722953767,0.684913676953982,0.0934337984326588,0.000397625904254737,0.4,55215,0.012970241261045,1.00008037416233,"phi.juv[23]",2011,"breed.propensity"
0.770035399823898,0.833324124815431,0.895384012251135,0.832892006196279,0.0320067442106976,0.00121195342710266,3.8,697,0.744583470192096,1.01201849409375,"phi.juv[24]",2011,"breed.propensity"
0.589629724257502,0.746811062520889,0.909886819140498,0.747326561442187,0.0824850338657636,0.00046268729633657,0.6,31782,0.0523057598665966,1.0000950668073,"phi.juv[25]",2012,"breed.propensity"
0.715433403642584,0.836454633114462,0.952678377447972,0.835294932857444,0.0615099122101607,0.00112231329905644,1.8,3004,0.790316920566913,1.0015528913803,"phi.juv[26]",2012,"breed.propensity"
0.79662815442992,0.901291436088027,0.986708403780731,0.896064979624466,0.0516148476755385,0.000509695257922473,1,10255,0.344855458664511,1.00182424579027,"phi.juv[27]",2013,"breed.propensity"
0.823471013716411,0.923081631261541,0.994079909809002,0.915860698141463,0.0479250886461318,0.000606250183489605,1.3,6249,0.447488236044895,1.00348542224806,"phi.juv[28]",2013,"breed.propensity"
0.63464688840754,0.778065908791267,0.936250680593396,0.779359023191566,0.0775086330834406,0.000830483109379735,1.1,8710,0.431378279310005,1.00021223678164,"phi.juv[29]",2014,"breed.propensity"
0.534344831336085,0.674823268632693,0.820456277483316,0.676645052095128,0.0733490175508218,0.000950951599427583,1.3,5949,0.438849818597282,1.0000914658253,"phi.juv[30]",2014,"breed.propensity"
0.64826405304326,0.753864760082859,0.856801519802456,0.753719692121591,0.053190157470518,0.000763784335470493,1.4,4850,0.38210641491605,1.00117891949773,"phi.juv[31]",2015,"breed.propensity"
0.73967703543445,0.848339771645632,0.948562968471893,0.846701333624923,0.0538615995836362,0.000507142966060152,0.9,11280,0.297615142016527,1.00036798961944,"phi.juv[32]",2015,"breed.propensity"
0.772080577980407,0.87246941226905,0.970655516584373,0.870457223154351,0.0517260057045416,0.000614059809685527,1.2,7096,0.331610686247545,1.00113611393546,"phi.juv[33]",2016,"breed.propensity"
0.676041868253684,0.785918919018178,0.89701397480992,0.786245844709986,0.0567381538380092,0.000568148582100284,1,9973,0.332123835630354,1.00027366425254,"phi.juv[34]",2016,"breed.propensity"
0.500650487252423,0.592823311869194,0.689310868276213,0.59330877703773,0.0480997334711455,0.000697996432692261,1.5,4749,0.481440590320208,1.00016405352981,"phi.juv[35]",2017,"breed.propensity"
0.686428725612542,0.805682074132466,0.917236793036623,0.804092045688262,0.0591169800051423,0.000545137931737042,0.9,11760,0.290470894500819,1.00018643560062,"phi.juv[36]",2017,"breed.propensity"
0.817114700081011,0.912244365948393,0.988429279519915,0.907401498975983,0.046569558037568,0.000493866708873979,1.1,8892,0.286987226192823,1.00230686701277,"phi.juv[37]",2018,"breed.propensity"
0.545430115443955,0.646984461159025,0.748874589675863,0.646822841076303,0.0520421816175783,0.000703674506595449,1.4,5470,0.431710251445933,1.00109382574262,"phi.juv[38]",2018,"breed.propensity"
0.778263635453232,0.873888067421274,0.9637946523395,0.871471550591905,0.0481243250185899,0.00047516871598256,1,10257,0.328925750570504,1.00271415646179,"phi.juv[39]",2019,"breed.propensity"
0.668001424309164,0.769175472873682,0.867345348703885,0.767975379126206,0.0512411822434491,0.000596875786136329,1.2,7370,0.404505133385922,1.00001081079249,"phi.juv[40]",2019,"breed.propensity"
0.770035399823898,0.833324124815431,0.895384012251135,0.832892006196279,0.0320067442106976,0.00121195342710266,3.8,697,0.744583470192096,1.01201849409375,"phi.juv[41]",2020,"breed.propensity"
0.770035399823898,0.833324124815431,0.895384012251135,0.832892006196279,0.0320067442106976,0.00121195342710266,3.8,697,0.744583470192096,1.01201849409375,"phi.juv[42]",2020,"breed.propensity"
0.940680058088895,0.955405724432118,0.970005297230706,0.955456100830412,0.00746694506648519,0.0004148620693754,5.6,324,0.888007782392371,1.01432887332567,"mean.phi.ad",NA,"breed.propensity"
0.770035399823898,0.833324124815431,0.895384012251135,0.832892006196279,0.0320067442106976,0.00121195342710266,3.8,697,0.744583470192096,1.01201849409375,"mean.phi.juv",NA,"breed.propensity"
0.306023806873633,0.313664730312134,0.321378355429385,0.313681178309847,0.00393191936893405,2.18305505850698e-05,0.6,32440,0.0470666065115484,0.999985671767627,"mean.fec",NA,"fecundity"
0.967158728181555,0.972373171658329,0.977917576439441,0.972438239910909,0.00272370452820955,4.91076678286397e-05,1.8,3076,0.424215202346922,1.00143836546126,"pop.growth.rate",NA,"growth.rate"
0.971527969444061,0.988698249293374,1.00626083624823,0.988749057743286,0.00882740594309394,0.000443183870908798,5,397,0.887825476821339,1.00648733441829,"fut.growth.rate[1]",NA,"growth.rate"
0.98807468039671,1.00759241858011,1.02928662201925,1.00774065493393,0.0104052827504034,0.000546479616423942,5.3,363,0.909984736778809,1.007299681717,"fut.growth.rate[2]",NA,"growth.rate"
0.921978785919717,0.937914494008062,0.954410575064166,0.937954179697237,0.0082765322207983,0.000385594920459625,4.7,461,0.841559769304778,1.00674184595799,"fut.growth.rate[3]",NA,"growth.rate"
4810.12849327734,5016.89756137426,5305.46809258683,5030.97798854171,126.06422262955,9.28606322461804,7.4,184,0.983877659273399,1.0272587947923,"Ntot[1]",2004,"pop.size"
4947.18184396391,5246.38048843391,5606.93011735012,5254.64883034897,166.426559668459,7.84818163496888,4.7,450,0.891426860805985,1.0158052343269,"Ntot[2]",2005,"pop.size"
4790.59886358354,5113.34560728795,5484.25851478761,5124.2299189771,174.704628065685,8.05751505808867,4.6,470,0.905187777818763,1.01799668117929,"Ntot[3]",2006,"pop.size"
4903.69487794287,5280.82557634527,5687.82359024444,5291.30519649123,198.476986768098,8.80536982359843,4.4,508,0.883269871679626,1.01671552991694,"Ntot[4]",2007,"pop.size"
4610.66808401723,4985.96561543256,5425.26407318416,5002.88431662456,208.768067052674,7.56413488629676,3.6,762,0.761443498034256,1.01158919821781,"Ntot[5]",2008,"pop.size"
4271.64439091117,4515.90785279589,4789.20922158748,4520.73936467201,131.216283612264,4.17704086405529,3.2,987,0.684912633719531,1.01505522103637,"Ntot[6]",2009,"pop.size"
4152.47617845649,4390.57679908024,4649.26737218447,4394.1812838352,126.401967633146,3.5589875695179,2.8,1261,0.721589035808777,1.01072413130289,"Ntot[7]",2010,"pop.size"
4107.60724529934,4342.52737694843,4593.07762739161,4347.14622870379,123.868823534423,3.16674594336128,2.6,1530,0.748515448258099,1.01154273782109,"Ntot[8]",2011,"pop.size"
4215.51954308514,4469.58732959709,4752.65191083555,4474.14070887419,136.530365243555,3.74596779366508,2.7,1328,0.770727805063839,1.01371609645295,"Ntot[9]",2012,"pop.size"
4110.27217554791,4368.89430722096,4648.70296406759,4373.48390520074,137.159291654036,3.17972230705031,2.3,1861,0.705315099469136,1.01209308728146,"Ntot[10]",2013,"pop.size"
3791.78027246137,4023.48441544589,4273.13919238596,4027.46021508695,122.795108248246,2.50282178072921,2,2407,0.682690350874422,1.01089339106759,"Ntot[11]",2014,"pop.size"
3695.11321093011,3906.7390714614,4140.32584954114,3910.1863924594,112.946318827888,2.34004922473192,2.1,2330,0.752227806480505,1.01128400687127,"Ntot[12]",2015,"pop.size"
3776.86975543071,4023.32426727074,4281.04759447319,4027.19119935993,127.987241950507,2.97144319530627,2.3,1855,0.771268163525199,1.01420250179698,"Ntot[13]",2016,"pop.size"
3470.50051588483,3657.42049861074,3854.60499987504,3659.86493421453,97.6747357073608,1.80175642550973,1.8,2939,0.705057594148275,1.00902317110267,"Ntot[14]",2017,"pop.size"
3591.13438380389,3795.58879156512,4014.24845626241,3796.98292669779,107.792788622784,2.19678650770228,2,2408,0.754151370213919,1.01455214564513,"Ntot[15]",2018,"pop.size"
3467.46941323819,3658.28894554495,3854.13079517957,3659.8080190456,98.961837171942,2.03021748565738,2.1,2376,0.850882440749705,1.01363094575871,"Ntot[16]",2019,"pop.size"
3633.2896698665,3841.71356753758,4049.69690335018,3843.85225893352,106.455835620097,2.328477711417,2.2,2090,0.834630842167526,1.014974567951,"Ntot[17]",2020,"pop.size"
2853.81510670212,3122.97906624423,3415.58322747106,3130.34707935173,142.965055415848,1.7139298971898,1.2,6958,0.368132812830146,1.00433511567479,"Ntot[18]",2021,"pop.size"
2941.14896700543,3226.98250907373,3549.15147961074,3233.6502934583,153.930519426108,2.79248218942077,1.8,3039,0.404465518919993,1.00598162241155,"Ntot.f[1,1]",2022,"pop.size"
2933.56561808707,3226.99590453397,3541.44994970682,3233.76486314344,154.066980215632,2.7732002230039,1.8,3086,0.404408104241558,1.00600419810147,"Ntot.f[2,1]",2022,"pop.size"
2934.32593792116,3227.2073102379,3541.1014872768,3233.82119543543,153.992638322406,2.78773637187105,1.8,3051,0.404320708990913,1.0059510830766,"Ntot.f[3,1]",2022,"pop.size"
2859.22398300627,3165.36513482206,3492.95604147094,3171.83369203182,160.398983086978,3.50661522981802,2.2,2092,0.450240822295543,1.00688862677516,"Ntot.f[1,2]",2023,"pop.size"
2936.08688219287,3246.52683309083,3587.72440437388,3253.82117965522,165.994281908599,3.56157255048429,2.1,2172,0.455976655583605,1.00610240919899,"Ntot.f[2,2]",2023,"pop.size"
2825.69811442252,3125.98647173658,3450.58584845339,3133.07163375606,159.193204008424,3.47640825409991,2.2,2097,0.450260510551954,1.00681282769082,"Ntot.f[3,2]",2023,"pop.size"
2811.12150305725,3129.939279255,3487.59697425659,3136.81547440842,172.353843381525,4.48992725732175,2.6,1474,0.509326225305761,1.00731757660333,"Ntot.f[1,3]",2024,"pop.size"
2952.31210573712,3310.07986079363,3699.51414233809,3318.41297544913,191.39635231953,5.4962715547107,2.9,1213,0.548107530796974,1.00622375684729,"Ntot.f[2,3]",2024,"pop.size"
2715.38651002663,3033.33863255529,3375.45194831704,3040.5004590411,168.428812225911,4.36617144470386,2.6,1488,0.507442978993954,1.00732519082851,"Ntot.f[3,3]",2024,"pop.size"
2743.29561992501,3092.54079794034,3476.46443152372,3099.87027805206,187.272236015068,5.44200133355303,2.9,1184,0.568786907533989,1.0076757783493,"Ntot.f[1,4]",2025,"pop.size"
2921.86725095482,3338.01216556515,3766.18472119703,3347.99755498022,216.672357516047,7.06167510577612,3.3,941,0.616376659163443,1.00664377208789,"Ntot.f[2,4]",2025,"pop.size"
2584.66447191041,2921.32971273086,3283.30058704181,2928.91887850491,178.859249680211,5.38294042735716,3,1104,0.564215502166256,1.00781290610754,"Ntot.f[3,4]",2025,"pop.size"
2683.52397179105,3056.66942949908,3483.58557523564,3064.82635668059,204.418334015216,6.62174931292844,3.2,953,0.621682333902048,1.00776535121208,"Ntot.f[1,5]",2026,"pop.size"
2914.37698015259,3373.03863493729,3881.19566581146,3385.09312973246,248.200159845456,9.04004282968587,3.6,754,0.678247681351731,1.00700216779176,"Ntot.f[2,5]",2026,"pop.size"
2446.29319335297,2796.46869270864,3185.952740751,2804.53200218165,189.521705130055,6.26619905709102,3.3,915,0.613980879929561,1.00801488207337,"Ntot.f[3,5]",2026,"pop.size"
2608.58653206603,3021.26834556894,3480.10760567478,3030.23508048453,223.140059752433,7.83486245199947,3.5,811,0.665777042134158,1.00783890681507,"Ntot.f[1,6]",2027,"pop.size"
2894.43528457506,3402.2661711093,3984.44766748638,3417.58757765312,280.703428366572,11.1739832672253,4,631,0.722406285638597,1.00730270389037,"Ntot.f[2,6]",2027,"pop.size"
2294.70046503398,2660.29747308616,3072.30767111933,2668.42629012899,199.353679874181,6.84456773107787,3.4,848,0.65458833225991,1.00825796058297,"Ntot.f[3,6]",2027,"pop.size"
2532.38717985349,2985.77095417728,3478.1278426574,2996.84859017377,242.852378380992,9.16109892946139,3.8,703,0.70186534277962,1.00788712087394,"Ntot.f[1,7]",2028,"pop.size"
2852.85406502402,3431.9254364866,4078.68241207431,3449.94625523598,315.696252966797,13.3528346445375,4.2,559,0.757108740073116,1.00749333230312,"Ntot.f[2,7]",2028,"pop.size"
2128.25090653377,2515.04601081149,2938.09259859488,2523.68809721807,207.711142255678,7.61309089416589,3.7,744,0.687248754918742,1.00840660212187,"Ntot.f[3,7]",2028,"pop.size"
2463.6528875311,2951.07375485935,3483.64154452691,2964.28028400425,263.035013146046,10.3987247723686,4,640,0.730833965093531,1.00786713164154,"Ntot.f[1,8]",2029,"pop.size"
2825.16218269011,3459.02153506838,4184.30804453566,3480.79181785236,351.479363050838,15.6027965526241,4.4,507,0.783221756808325,1.00757234721307,"Ntot.f[2,8]",2029,"pop.size"
1958.53273000044,2362.82293570598,2790.59983415875,2372.76878389707,214.061804564717,8.23615014263738,3.8,676,0.713273422410623,1.00826515959165,"Ntot.f[3,8]",2029,"pop.size"
2397.82987473713,2917.54575793535,3496.7648073699,2932.4783240695,283.496371918766,11.5489959933175,4.1,603,0.754265697345999,1.00785121609171,"Ntot.f[1,9]",2030,"pop.size"
2791.80435726644,3485.3992718411,4291.77583483586,3510.98432334555,388.739766380585,17.8919017748308,4.6,472,0.803686188852021,1.00760477201049,"Ntot.f[2,9]",2030,"pop.size"
1796.83066294904,2207.0638852593,2644.89729318954,2218.29386485989,218.11204604541,8.70143698902284,4,628,0.733804830583578,1.00828579448729,"Ntot.f[3,9]",2030,"pop.size"
2324.9928017124,2884.81283903095,3501.33235594595,2901.48121560112,304.001607303795,12.8948035946939,4.2,556,0.773168814041195,1.00780667318637,"Ntot.f[1,10]",2031,"pop.size"
2746.39432539329,3509.54141629776,4392.74112458389,3540.54914010842,427.02817662406,20.2082424820097,4.7,447,0.819661753366181,1.00766795790529,"Ntot.f[2,10]",2031,"pop.size"
1653.3289634458,2050.85090504797,2508.29241650108,2062.6266043555,219.888588251334,9.02497553006467,4.1,594,0.750095835111019,1.00831155848475,"Ntot.f[3,10]",2031,"pop.size"
2266.87531206186,2852.44374185115,3523.50031990478,2871.30042015314,324.614246790002,14.0868395816236,4.3,531,0.788738021208824,1.00773393503318,"Ntot.f[1,11]",2032,"pop.size"
2706.73021741312,3532.94913383327,4502.16256912096,3570.13146072539,466.819460588107,22.4691392188439,4.8,432,0.832665394793354,1.00765296659715,"Ntot.f[2,11]",2032,"pop.size"
1501.96057470467,1907.16727818438,2357.80841416632,1919.72479067922,220.646689430875,9.26093999114658,4.2,568,0.763344972581037,1.00838256783366,"Ntot.f[3,11]",2032,"pop.size"
2196.06020376615,2820.68869299141,3530.08661359158,2842.0392123842,345.05747545532,15.389311372295,4.5,503,0.801516627178274,1.00765601868325,"Ntot.f[1,12]",2033,"pop.size"
2667.80792927408,3558.83799710659,4611.68744313441,3599.95632909733,507.414172251979,24.8944318166645,4.9,415,0.843163825132193,1.00760043634113,"Ntot.f[2,12]",2033,"pop.size"
1377.1515271477,1774.94914374806,2231.60933791889,1788.034134919,220.473467769665,9.40382781967124,4.3,550,0.77425381497838,1.00839061307338,"Ntot.f[3,12]",2033,"pop.size"
2123.21122925611,2789.20303444858,3535.69801280829,2813.69037023848,365.440861668916,16.5652926628521,4.5,487,0.812172423324493,1.00762056140022,"Ntot.f[1,13]",2034,"pop.size"
2625.83254562359,3582.67416635448,4728.89812713181,3630.19306051969,548.765831116016,27.2410611186311,5,406,0.851831871435413,1.00762584438742,"Ntot.f[2,13]",2034,"pop.size"
1271.62516580498,1652.69421844997,2121.77840331421,1666.56048216615,219.390856462574,9.4923577008828,4.3,534,0.783297990479759,1.00835928298635,"Ntot.f[3,13]",2034,"pop.size"
2075.83163909254,2759.16651257275,3565.81256476214,2786.07296887888,385.662045788695,17.7224894335387,4.6,474,0.821095470988369,1.00758119690026,"Ntot.f[1,14]",2035,"pop.size"
2600.07526430267,3607.56663464414,4862.07283257303,3660.8593658252,590.963213645755,29.797500921475,5,393,0.859026163563104,1.00764146229796,"Ntot.f[2,14]",2035,"pop.size"
1138.54880936279,1539.25368991068,1982.11442547411,1554.15216554491,217.694460098193,9.52665026199606,4.4,522,0.790855248922983,1.00834195100994,"Ntot.f[3,14]",2035,"pop.size"
2006.71109349947,2729.01780162613,3572.53516737883,2759.13443209801,405.658622682552,18.8534990364338,4.6,463,0.828596775103955,1.00756181516491,"Ntot.f[1,15]",2036,"pop.size"
2563.31816178858,3632.03756811576,4987.37304993359,3692.29271770119,633.717194518373,32.2722215593694,5.1,386,0.864951876295011,1.00763192468894,"Ntot.f[2,15]",2036,"pop.size"
1047.11524857461,1434.27089307931,1880.20622990789,1450.00994163705,215.297447236787,9.51479199236295,4.4,512,0.79707892856104,1.00836031951733,"Ntot.f[3,15]",2036,"pop.size"
1945.0345485677,2699.52587272148,3585.47463434648,2732.96904845348,425.509365698311,19.9547119868491,4.7,455,0.835032288351477,1.00754130591143,"Ntot.f[1,16]",2037,"pop.size"
2487.77747037174,3656.81478554389,5075.61563534505,3724.152268903,677.321778781058,34.7654949372911,5.1,380,0.869948967752529,1.00759626949162,"Ntot.f[2,16]",2037,"pop.size"
962.325035540349,1337.10576718331,1782.85860909842,1353.30693725035,212.438069194092,9.45217953699601,4.4,505,0.802318622156915,1.00835344923341,"Ntot.f[3,16]",2037,"pop.size"
1905.5718677014,2670.97811845019,3619.49442799699,2707.29063993982,445.161556375933,21.0438401032406,4.7,447,0.840525328172408,1.00746403274354,"Ntot.f[1,17]",2038,"pop.size"
2452.77639687318,3681.47271753643,5207.542717445,3756.72645397082,721.475880390418,37.6259180524361,5.2,368,0.874131341640176,1.00756543790985,"Ntot.f[2,17]",2038,"pop.size"
880.353265508598,1246.54715615513,1686.90672173668,1263.38023390263,209.081081813376,9.35880937696702,4.5,499,0.806907011142237,1.00838838686239,"Ntot.f[3,17]",2038,"pop.size"
1836.98631083067,2641.87862708374,3620.10271212548,2682.22069108752,464.3795909761,22.0231853078893,4.7,445,0.845349068525429,1.00741854930786,"Ntot.f[1,18]",2039,"pop.size"
2449.52323301517,3706.81610410069,5372.56549987644,3790.16932958043,766.330868368296,40.0147674821627,5.2,367,0.8777821130731,1.00753300261543,"Ntot.f[2,18]",2039,"pop.size"
794.987326548344,1161.83843082919,1587.47430309869,1179.55228210843,205.280941922954,9.28973257347796,4.5,488,0.810802055032576,1.00830620554332,"Ntot.f[3,18]",2039,"pop.size"
1793.27507540225,2613.93689582251,3648.71608130792,2657.56065849532,483.312248505952,22.9940920035493,4.8,442,0.849455450007593,1.00740717427211,"Ntot.f[1,19]",2040,"pop.size"
2383.8274158041,3732.35627574344,5480.34470004223,3824.27397358381,811.937363253788,42.625319739905,5.2,363,0.880822458621928,1.00749274140461,"Ntot.f[2,19]",2040,"pop.size"
726.771577472778,1083.76645614956,1501.58158952164,1101.47878042009,201.11295392367,9.18378111789273,4.6,480,0.814245880570135,1.0083366419498,"Ntot.f[3,19]",2040,"pop.size"
1738.73128825611,2585.69895483597,3664.96464824553,2633.33370650795,501.97587895088,23.9906425713115,4.8,438,0.853109001439009,1.007398230967,"Ntot.f[1,20]",2041,"pop.size"
2361.32162950383,3758.22449661178,5634.44841711189,3858.99885663175,858.170569912831,45.1430626965545,5.3,361,0.88340934879773,1.00745631408382,"Ntot.f[2,20]",2041,"pop.size"
672.212064414961,1010.31965980818,1430.42499135733,1028.5553232714,196.689625906667,9.01378425864919,4.6,476,0.817350169910068,1.00825778362299,"Ntot.f[3,20]",2041,"pop.size"
1685.78774585529,2557.76424470718,3681.88080698755,2609.7258558704,520.343274727775,25.0025924619094,4.8,433,0.856287931636054,1.00735826138828,"Ntot.f[1,21]",2042,"pop.size"
2247.10283946053,3785.96970553605,5698.35435893945,3894.35557738695,905.068923738743,47.9269472927477,5.3,357,0.885623850474757,1.00746625549966,"Ntot.f[2,21]",2042,"pop.size"
603.959407627267,941.691373300793,1343.20814095106,960.518468288553,192.062075904079,8.89144858053788,4.6,467,0.819904040819942,1.00821960126103,"Ntot.f[3,21]",2042,"pop.size"
1594.47693390868,2530.39700925592,3656.29053718423,2586.42883176637,538.452713971755,26.0149263340779,4.8,428,0.85912871647341,1.00734870692057,"Ntot.f[1,22]",2043,"pop.size"
2218.36137409589,3811.26998795839,5845.3180527752,3930.18994237964,952.24622598647,50.6077427820912,5.3,354,0.887550153392511,1.00744950381129,"Ntot.f[2,22]",2043,"pop.size"
560.02556896906,878.0899368902,1277.92918851637,897.035784181111,187.192631329617,8.7247966009786,4.7,460,0.822171624776386,1.00813726204592,"Ntot.f[3,22]",2043,"pop.size"
1559.83688834085,2503.43252959136,3687.76725111915,2563.44526463091,556.342423954221,26.9816006559352,4.8,425,0.861607828201368,1.00736222112941,"Ntot.f[1,23]",2044,"pop.size"
2202.36427551466,3837.2645279829,6015.16138905378,3966.5973241442,1000.00347168322,53.1781657977079,5.3,354,0.889201363844093,1.0074426139568,"Ntot.f[2,23]",2044,"pop.size"
519.689510552914,818.949606392819,1216.30358120656,837.784219031395,182.095849063884,8.49721909492397,4.7,459,0.824243874526155,1.00807023783147,"Ntot.f[3,23]",2044,"pop.size"
1525.75887287204,2477.27527816588,3717.96230398473,2540.83972577369,573.93982250833,27.9217355420578,4.9,423,0.863913594514019,1.00733764333894,"Ntot.f[1,24]",2045,"pop.size"
2177.55531185708,3864.19476711023,6171.53125499348,4003.4189257373,1048.25433438278,55.8789576089925,5.3,352,0.890578154016632,1.00746057077443,"Ntot.f[2,24]",2045,"pop.size"
464.287494139413,763.51106060252,1140.40577364515,782.471736272436,176.980591374323,8.24549795063663,4.7,461,0.825996069188889,1.00802505019767,"Ntot.f[3,24]",2045,"pop.size"
1449.27550067562,2450.34303373942,3704.47283654428,2518.50290262092,591.20888581296,29.1117256558777,4.9,412,0.866031508752199,1.00732714851772,"Ntot.f[1,25]",2046,"pop.size"
2154.25428092127,3890.31025227161,6328.99979071048,4040.7867736872,1097.05366102766,58.5157317610987,5.3,351,0.891810045394362,1.00743321453975,"Ntot.f[2,25]",2046,"pop.size"
431.420708881336,711.833661585743,1085.53844123026,730.960518836694,171.647560329464,8.11490769250233,4.7,447,0.827530616462023,1.00796571684811,"Ntot.f[3,25]",2046,"pop.size"
1414.2829097944,2423.73465930787,3730.16001849314,2496.54275877767,608.218447942265,30.0189970012372,4.9,411,0.867848155188533,1.00730782221183,"Ntot.f[1,26]",2047,"pop.size"
2084.18073354735,3917.32696510593,6436.75707274065,4078.58091336806,1146.77802530957,61.4713507375143,5.4,348,0.892870928979046,1.00744365203757,"Ntot.f[2,26]",2047,"pop.size"
384.624985103518,663.793114061121,1016.92203653992,683.009472314211,166.293096700803,7.74133695160192,4.7,461,0.828998477037346,1.00792550141105,"Ntot.f[3,26]",2047,"pop.size"
1380.12564234175,2397.97051035657,3757.41873898569,2475.05633531102,625.058554599588,30.9232902831644,4.9,409,0.869531142276398,1.00729633532101,"Ntot.f[1,27]",2048,"pop.size"
2025.97191550878,3944.41737690111,6563.89478588242,4116.83245298098,1196.6779246777,62.613725947517,5.2,365,0.893797970798023,1.00743458886623,"Ntot.f[2,27]",2048,"pop.size"
347.931240788421,619.340449522868,958.88356884733,638.447804119771,160.968001169106,7.56879095100038,4.7,452,0.830161643037107,1.00787876136811,"Ntot.f[3,27]",2048,"pop.size"
1332.29051358024,2373.29197301562,3767.76310369064,2453.91203243516,641.58522059326,31.7997053195352,5,407,0.871068056990526,1.00728689951535,"Ntot.f[1,28]",2049,"pop.size"
1984.03038483464,3970.95778017126,6707.76831575451,4155.63797777295,1247.21808706542,65.2920285293049,5.2,365,0.894586660496397,1.00745005756844,"Ntot.f[2,28]",2049,"pop.size"
319.863110079287,577.777237882602,908.701270084124,596.971735945284,155.603055650467,7.33611628014999,4.7,450,0.83122192866971,1.00783494756714,"Ntot.f[3,28]",2049,"pop.size"
1275.1662241686,2347.91329038143,3768.85283119192,2433.14988124722,657.724238327221,32.9108571619256,5,399,0.872436818996818,1.00727760815328,"Ntot.f[1,29]",2050,"pop.size"
1977.27745584212,3998.69498477228,6882.35316527574,4194.86678492888,1298.19435337813,67.9334719960542,5.2,365,0.895216845098476,1.00746383700379,"Ntot.f[2,29]",2050,"pop.size"
286.562212433295,539.343618438505,854.376361441452,558.382043852717,150.244648953651,7.09024009649584,4.7,449,0.832079747392608,1.00782011176304,"Ntot.f[3,29]",2050,"pop.size"
1246.91097667884,2322.93288765211,3798.44603836025,2412.77575139121,673.762248897585,33.4898488360603,5,405,0.873667494088933,1.00726097159377,"Ntot.f[1,30]",2051,"pop.size"
1909.25567122838,4026.77732465233,7000.92874466503,4234.5111791393,1349.64795462961,70.5923619557143,5.2,366,0.895785125461613,1.00747798728231,"Ntot.f[2,30]",2051,"pop.size"
266.190261892807,503.141945802354,810.920468181587,522.561999978908,144.960319961678,6.79993236744514,4.7,454,0.832777183579591,1.0077859699533,"Ntot.f[3,30]",2051,"pop.size"
