"Lower95","Median","Upper95","Mean","SD","Mode","MCerr","MC.ofSD","SSeff","AC.100","Rhat","parameter","Year","demographic"
0.359736777552565,0.375244889981592,0.388604330326021,0.374677689100287,0.0074449301367596,0.376115387726079,0.000330032546571775,4.4,509,0.960366636113176,1.00395691126472,"breed.prop[1]",2004,"breed.prop[1]"
0.437440174100207,0.466559475740975,0.49661038238656,0.466716305160276,0.0151229585820011,0.466731073579454,0.00014804737853876,1,10435,0.239669457678177,1.00017241120369,"breed.prop[10]",2013,"breed.prop[10]"
0.42264611603736,0.464046237999292,0.504577866762998,0.463975788952099,0.0212531641170231,0.465210058561715,0.00017170930882433,0.8,15320,0.211002798512909,1.0000113446244,"breed.prop[11]",2014,"breed.prop[11]"
0.445609018457528,0.485229839262485,0.525910438772503,0.485417473745197,0.020726123588834,0.484777523539398,0.000191232647713892,0.9,11747,0.36515458097643,1.00004580071397,"breed.prop[12]",2015,"breed.prop[12]"
0.35,0.379955615919336,0.404558482434887,0.380050106812777,0.0146679993671931,0.379806908637436,0.000134402579599636,0.9,11910,0.193658295198179,1.00012611805211,"breed.prop[13]",2016,"breed.prop[13]"
0.483803218517767,0.516947406067546,0.550710939806677,0.516924582117032,0.0171117031059257,0.516994812760543,0.000112715168832136,0.7,23047,0.210703895157499,1.0000439942939,"breed.prop[14]",2017,"breed.prop[14]"
0.518830697479878,0.549239249132675,0.581217089053747,0.549697348637352,0.0157655238938939,0.548231944672719,0.00010438084440661,0.7,22813,0.188585413839537,1.00001684596352,"breed.prop[15]",2018,"breed.prop[15]"
0.686660778197486,0.713904535717616,0.740218563988252,0.713700818243297,0.0136104986600777,0.714542698267826,0.000111946945237424,0.8,14782,0.3598267642799,1.00065486010615,"breed.prop[16]",2019,"breed.prop[16]"
0.516413830142616,0.554180141758864,0.595321798617981,0.554954438405752,0.020776407525312,0.551420869660732,0.000147115688708822,0.7,19944,0.348810856699784,1.00093041111781,"breed.prop[17]",2020,"breed.prop[17]"
0.667695346215084,0.696266513404834,0.725496644341259,0.696235286267103,0.0148000040752764,0.696651223488719,0.000163370386594004,1.1,8207,0.241619431080202,1.0003810480851,"breed.prop[18]",2021,"breed.prop[18]"
0.35,0.35,0.35,0.35,0,NA,NA,NA,NA,NA,NA,"breed.prop[2]",2005,"breed.prop[2]"
0.429936224587129,0.457152626304474,0.481498533781302,0.456526816905691,0.0132708377473694,0.458017143616224,0.000200307486212331,1.5,4389,0.300367091353451,1.00043927327337,"breed.prop[3]",2006,"breed.prop[3]"
0.413422764174979,0.453343313510863,0.485074487852099,0.451495067194396,0.0183933092544487,0.45687112238137,0.000329846158592731,1.8,3110,0.276334523420289,1.00117704866995,"breed.prop[4]",2007,"breed.prop[4]"
0.463625186970932,0.490192004326144,0.517868292322276,0.490491240214846,0.0138302398221933,0.490278119538819,0.000198361790423109,1.4,4861,0.292272471060031,1.00076902850058,"breed.prop[5]",2008,"breed.prop[5]"
0.489708598576705,0.52080507105561,0.550957066113421,0.520606625007408,0.0156134426773014,0.52073730546569,0.000146575312588967,0.9,11347,0.185619289743974,1.00039228940793,"breed.prop[6]",2009,"breed.prop[6]"
0.437858608360847,0.474435988821336,0.517024235643676,0.475809039063571,0.0199353724258141,0.472500704855374,0.000151339778945075,0.8,17352,0.217535882920289,1.00012387466202,"breed.prop[7]",2010,"breed.prop[7]"
0.362196261126618,0.397439624488236,0.434102128668684,0.39752259842622,0.0183097366646627,0.397792865306005,0.000171517882992415,0.9,11396,0.216562074842252,1.0000666381244,"breed.prop[8]",2011,"breed.prop[8]"
0.425381212184553,0.460049026887303,0.493951090318116,0.459561612586957,0.0177046897808621,0.46111601800751,0.000114728455558439,0.6,23814,0.176301108507685,1.00001910437715,"breed.prop[9]",2012,"breed.prop[9]"
0.256074145534799,0.275165356228621,0.295568266210357,0.275253774543437,0.0100623614596021,0.274715365824846,4.10794186391201e-05,0.4,60000,0.000816216500452304,0.99999259745013,"ann.fec[1]",2004,"fecundity"
0.304604412676652,0.329478137199731,0.354643377668264,0.329532470665251,0.0127755204114267,0.329402896578372,6.72856605010853e-05,0.5,36051,0.0700506629465579,1.00004086020603,"ann.fec[2]",2005,"fecundity"
0.392348730896331,0.41712721432268,0.441050850065264,0.417167143347285,0.0124465202188485,0.417267917978812,7.78545164000016e-05,0.6,25558,0.0697420718622734,1.00032117459039,"ann.fec[3]",2006,"fecundity"
0.251711763783929,0.275338620451392,0.299259757062112,0.275373745842,0.0121832162233102,0.27535196543855,0.000159400862812332,1.3,5842,0.124664311416114,1.00145842977087,"ann.fec[4]",2007,"fecundity"
0.133358581454518,0.14935986544918,0.166030303178468,0.149441686629987,0.00833377234627144,0.149622004919994,6.56067739658037e-05,0.8,16136,0.114313844955294,1.00032256168729,"ann.fec[5]",2008,"fecundity"
0.254580382865174,0.274130634334634,0.294712037870571,0.274225934093193,0.0102977241898998,0.273884499553731,7.47079743345111e-05,0.7,19000,0.0948961040244096,1.00006769088104,"ann.fec[6]",2009,"fecundity"
0.173477397925296,0.191454309649167,0.209798510619826,0.191522992626221,0.0092924858505274,0.191514871557986,5.40695511080298e-05,0.6,29536,0.0886115899650561,1.00009726905345,"ann.fec[7]",2010,"fecundity"
0.424585105174542,0.479571124968514,0.535718711887362,0.479596980620916,0.0284256746151705,0.478289447452728,0.000288163973957613,1,9731,0.226339790225018,1.00037446782641,"ann.fec[8]",2011,"fecundity"
0.251048441394836,0.27113339283366,0.291145373928604,0.271214609416246,0.0102656314594041,0.270520482186969,5.40125761182964e-05,0.5,36123,0.0662215278852089,1.00005651379215,"ann.fec[9]",2012,"fecundity"
0.515273972615486,0.547915497205732,0.580177144448183,0.547955692522554,0.0166441094374799,0.548786699051006,9.31852924473406e-05,0.6,31903,0.0686499279414192,1.00002752172471,"ann.fec[10]",2013,"fecundity"
0.16142412002564,0.178314706625414,0.195261361851956,0.178433889359675,0.00866898466795732,0.178054252288715,4.62737197987756e-05,0.5,35097,0.0757997881443339,1.00022448740594,"ann.fec[11]",2014,"fecundity"
0.319015764079877,0.339858890911178,0.360168087535256,0.339913672934638,0.010498200817768,0.339642979525916,5.58353377985444e-05,0.5,35352,0.0741736228458173,1.00002175213983,"ann.fec[12]",2015,"fecundity"
0.239560221559458,0.263877654329436,0.288972414166324,0.263987929009984,0.0126056440135259,0.263639677248134,6.52469284753269e-05,0.5,37326,0.0769583376480147,1.00001490771435,"ann.fec[13]",2016,"fecundity"
0.42597415877467,0.453299603100191,0.479567812343387,0.453294436141311,0.0136854059552883,0.453203371103356,7.19460830338126e-05,0.5,36183,0.0787105484098666,1.00004816444528,"ann.fec[14]",2017,"fecundity"
0.196015095149798,0.216505108182527,0.23687100746556,0.216645278943929,0.0104199293448584,0.216158689111859,5.56560460738318e-05,0.5,35051,0.101811053076991,1.00001298442606,"ann.fec[15]",2018,"fecundity"
0.266506427151794,0.286947862577456,0.307905947410677,0.287031052912956,0.0105841662852428,0.286993449170519,4.99211150270237e-05,0.5,44952,0.0877882122522454,1.00003313394553,"ann.fec[16]",2019,"fecundity"
0.346202693622602,0.36889057011653,0.393313660486346,0.368983092252825,0.0119681848767682,0.368924534432565,4.88599101589609e-05,0.4,60000,0.00178771731388461,1.00003561081292,"ann.fec[17]",2020,"fecundity"
0.23058750006023,0.318621174819357,0.411850002330184,0.319916485388842,0.046465548937058,0.314724109980726,0.000190954517075483,0.4,59211,0.00156096709967295,0.999980499826405,"ann.fec[18]",2021,"fecundity"
0.305463444453226,0.313283793824784,0.320970724733426,0.313305048180625,0.00395354679392516,0.313327894817229,2.25179012233605e-05,0.6,30826,0.0513763003720789,1.00018578621757,"mean.fec",NA,"fecundity"
0.982399204322098,0.985827597586558,0.989330696868396,0.9858329275205,0.00176201470383263,0.985847075806561,2.899109028147e-05,1.6,3694,0.771882697304265,1.00187797374833,"pop.growth.rate",NA,"growth.rate"
0.975181181395357,0.991232807177533,1.00802135014842,0.991325130747968,0.00836281023689735,0.991306014481867,0.000280204311828177,3.4,891,0.866537489635359,1.00181350723342,"fut.growth.rate[1]",NA,"growth.rate"
0.994139251826089,1.01210014824496,1.03165315031494,1.0120557239838,0.00982280081153053,1.01174112307054,0.000384912506176904,3.9,651,0.8925600625342,1.00228909719521,"fut.growth.rate[2]",NA,"growth.rate"
0.924436586087779,0.939550081391207,0.955103416087011,0.939643680485356,0.00784151497532244,0.939355877162241,0.000240775647310146,3.1,1061,0.823857732327553,1.00202073094888,"fut.growth.rate[3]",NA,"growth.rate"
0.0369601256789653,0.0724652900893671,0.118002915385303,0.0750938988844088,0.021492246103287,0.0682039658557444,0.000117881939970979,0.5,33241,0.291568134739962,1.00008576050302,"mean.p.ad[1]",NA,"mean.p.ad[1]"
0.194049244218296,0.306588492157517,0.431641292912012,0.309996763123041,0.0604401741947593,0.301903821886971,0.00485079485286574,8,155,0.98706377556353,1.00587512895256,"mean.p.ad[2]",NA,"mean.p.ad[2]"
0.00341883313528313,0.00714312923626476,0.0123121946427496,0.00749129715640827,0.00240120725647129,0.00658882537127972,1.56728820068525e-05,0.7,23473,0.306841921799072,1.00012215878262,"mean.p.juv[1]",NA,"mean.p.juv[1]"
0.0133252132830711,0.0259324302145747,0.0437385433881807,0.0269745824158283,0.0077878993089729,0.0248352160211364,0.000661969208892604,8.5,138,0.995375672091475,1.00684947672523,"mean.p.juv[2]",NA,"mean.p.juv[2]"
3.37618500070871e-05,0.0443253401367195,0.225699001538065,0.0701160330606026,0.0758947587878611,0.0209401727334182,0.000311475047209488,0.4,59371,0.00726906915079715,1.00002935389892,"p.ad[1]",1979,"p.ad[1]"
0.0236222300006176,0.0550033539660836,0.0922739177936673,0.0568937353094724,0.0180419933158792,0.0519554034807826,7.32564083414045e-05,0.4,60657,0.00204455971369806,0.999999604793436,"p.ad[10]",1988,"p.ad[10]"
0.223909235225247,0.290262553277506,0.361587320527148,0.291081207010554,0.0352285124805585,0.289471271308744,0.0001444313850676,0.4,59493,0.00755374589702896,1.00001023525106,"p.ad[11]",1989,"p.ad[11]"
0.02756871697268,0.0538012256051245,0.0863031647946482,0.0553107392477229,0.0153540670800692,0.0512824598211089,6.26363272567128e-05,0.4,60089,0.00114393815286177,1.00003254259089,"p.ad[12]",1990,"p.ad[12]"
0.118219406221026,0.167320130761029,0.21892489258234,0.168582694572976,0.0259601433935241,0.165568949531512,0.000109982665053366,0.4,55714,0.00304701011511427,1.0000262437099,"p.ad[13]",1991,"p.ad[13]"
0.0574899902500274,0.093241030522953,0.133312800806197,0.0945087911305239,0.0196066798503468,0.0909603184181681,8.06751434387877e-05,0.4,59065,0.00279843523401864,1.00004944507667,"p.ad[14]",1992,"p.ad[14]"
0.0121462520547944,0.0305973313530395,0.054546244108528,0.0319825771122913,0.0112829910510423,0.0279168128247309,4.60626180790708e-05,0.4,60000,0.00174321992763328,0.999990018392025,"p.ad[15]",1993,"p.ad[15]"
0.0617533877412009,0.0964307039692126,0.136233932685055,0.0976125034921165,0.0193374395196781,0.0944574541740165,7.89447662585695e-05,0.4,60000,6.55541556504597e-05,0.99998670575738,"p.ad[16]",1994,"p.ad[16]"
0.0319853780522841,0.0578796274949204,0.0887219617040725,0.0590787816459283,0.0147668176255421,0.0558348155463898,6.01293499002843e-05,0.4,60312,-0.00112852294966381,1.0000907421852,"p.ad[17]",1995,"p.ad[17]"
0.00167066591463858,0.0104678985902916,0.0239748687465031,0.0116245624645332,0.00627658042661742,0.0085969448415128,2.54847138110304e-05,0.4,60658,0.000310795631703983,1.00008666557604,"p.ad[18]",1996,"p.ad[18]"
0.216582512321973,0.270715347529889,0.327782299988319,0.271353491787272,0.028530993289427,0.269226090879803,0.000116477292356445,0.4,60000,0.00230792508064332,1.00002033803624,"p.ad[19]",1997,"p.ad[19]"
0.0409450388453629,0.20320138380549,0.433716596036979,0.218799458398599,0.107395125044186,0.17235265974187,0.000441178783098968,0.4,59257,0.00508153913944975,1.00001155436497,"p.ad[2]",1980,"p.ad[2]"
0.0431770518199647,0.0694892346856804,0.0974409674482831,0.0703777064246298,0.0140059418602297,0.0679022352850298,5.71790182077502e-05,0.4,60000,2.3842111990875e-05,1.0000223871693,"p.ad[20]",1998,"p.ad[20]"
0.0380679864012711,0.0617239206162371,0.0883439798177691,0.0625838998778153,0.0130133064368666,0.0604062394113326,5.46068293345686e-05,0.4,56791,2.31902589590034e-06,1.00000981730297,"p.ad[21]",1999,"p.ad[21]"
0.421219654183037,0.476136834496778,0.532432614023793,0.476340717189006,0.0283945040657178,0.475874395989032,0.000116929518409229,0.4,58969,0.00320420750829166,1.00001765118175,"p.ad[22]",2000,"p.ad[22]"
0.0183588000084129,0.0322865229524512,0.0483878303467282,0.0329302505010358,0.00778645793098297,0.0311620916613033,3.17880813909258e-05,0.4,60000,0.00398664156146164,1.00000692280322,"p.ad[23]",2001,"p.ad[23]"
0.00174780550535614,0.00735832216077188,0.0152543291884406,0.00794890296066294,0.00370480306668069,0.00646584289375705,1.51951671060009e-05,0.4,59446,0.00355311082714513,1.0001159481089,"p.ad[24]",2002,"p.ad[24]"
0.399913980636405,0.445974548125101,0.491747486806719,0.446104693407732,0.0234398018603487,0.445907940327787,0.000100075165584431,0.4,54860,0.0154241228099131,1.00004061123183,"p.ad[25]",2003,"p.ad[25]"
0.00154218599439505,0.00724780026216435,0.0149890888077791,0.00780555991812744,0.00368372471273528,0.00654998924743003,2.74786500682331e-05,0.7,17971,0.0252614075133958,1.00022451371209,"p.ad[26]",2004,"p.ad[26]"
0.429936224587129,0.457152626304474,0.481498533781302,0.456526816905691,0.0132708377473694,0.458017143616224,0.000200307486212331,1.5,4389,0.300367984242093,1.00043927327337,"p.ad[27]",2005,"p.ad[27]"
0.413422764174979,0.453343313510863,0.485074487852099,0.451495067194396,0.0183933092544487,0.45687112238137,0.000329846158592731,1.8,3110,0.276334523420289,1.00117704866995,"p.ad[28]",2006,"p.ad[28]"
0.463625186970932,0.490192004326144,0.517868292322276,0.490491240214846,0.0138302398221933,0.490278119538819,0.000198361790423109,1.4,4861,0.292272471060031,1.00076902850058,"p.ad[29]",2007,"p.ad[29]"
0.00017215700660348,0.00986590418094441,0.0334312835302389,0.0126595675563257,0.0103892708020292,0.00597448992610279,4.55575131794543e-05,0.4,52006,0.00657408149767086,1.00009338320551,"p.ad[3]",1981,"p.ad[3]"
0.489708598576705,0.52080507105561,0.550957066113421,0.520606625007408,0.0156134426773014,0.52073730546569,0.000146575312588967,0.9,11347,0.185619289743974,1.00039228940793,"p.ad[30]",2008,"p.ad[30]"
0.437858608360847,0.474435988821336,0.517024235643676,0.475809039063571,0.0199353724258141,0.472500704855374,0.000151339778945075,0.8,17352,0.217535882920289,1.00012387466202,"p.ad[31]",2009,"p.ad[31]"
0.362196261126618,0.397439624488236,0.434102128668684,0.397505596724212,0.0183576649003491,0.397792865306005,0.000171947524216126,0.9,11398,0.216373994649266,1.00006686482173,"p.ad[32]",2010,"p.ad[32]"
0.425381212184553,0.460049026887303,0.493951090318116,0.459561612586957,0.0177046897808621,0.46111601800751,0.000114728455558439,0.6,23814,0.176301108507685,1.00001910437715,"p.ad[33]",2011,"p.ad[33]"
0.437440174100207,0.466559475740975,0.49661038238656,0.466716305160276,0.0151229585820011,0.466731073579454,0.00014804737853876,1,10435,0.239669457678177,1.00017241120369,"p.ad[34]",2012,"p.ad[34]"
0.42264611603736,0.464046237999292,0.504577866762998,0.463975788952099,0.0212531641170231,0.465210058561715,0.00017170930882433,0.8,15320,0.211002798512909,1.0000113446244,"p.ad[35]",2013,"p.ad[35]"
0.445609018457528,0.485229839262485,0.525910438772503,0.485417473745197,0.020726123588834,0.484777523539398,0.000191232647713892,0.9,11747,0.36515458097643,1.00004580071397,"p.ad[36]",2014,"p.ad[36]"
0.350737133282523,0.379955615919336,0.409614928942787,0.379895018398741,0.0150420247659881,0.379806908637436,0.000138012779854097,0.9,11879,0.193262416194028,1.00011425838172,"p.ad[37]",2015,"p.ad[37]"
0.483803218517767,0.516947406067546,0.550710939806677,0.516924582117032,0.0171117031059257,0.516994812760543,0.000112715168832136,0.7,23047,0.210703895157499,1.0000439942939,"p.ad[38]",2016,"p.ad[38]"
0.518830697479878,0.549239249132675,0.581217089053747,0.549697348637352,0.0157655238938939,0.548231944672719,0.00010438084440661,0.7,22813,0.188585413839537,1.00001684596352,"p.ad[39]",2017,"p.ad[39]"
0.0744175363171342,0.145170359782752,0.229629084223955,0.148616869830974,0.0406777023874406,0.140357377019149,0.000166066024596704,0.4,60000,0.00152435061674964,0.999986273243981,"p.ad[4]",1982,"p.ad[4]"
0.686660778197486,0.713904535717616,0.740218563988252,0.713700818243297,0.0136104986600777,0.714542698267826,0.000111946945237424,0.8,14782,0.3598267642799,1.00065486010615,"p.ad[40]",2018,"p.ad[40]"
0.516413830142616,0.554180141758864,0.595321798617981,0.554954438405752,0.020776407525312,0.551420869660732,0.000147115688708822,0.7,19944,0.348810856699784,1.00093041111781,"p.ad[41]",2019,"p.ad[41]"
0.667695346215084,0.696266513404834,0.725496644341259,0.696235286267103,0.0148000040752764,0.696651223488719,0.000163370386594004,1.1,8207,0.241619431080202,1.0003810480851,"p.ad[42]",2020,"p.ad[42]"
0.389270676526444,0.429284599528594,0.473348994177464,0.431022830023894,0.0218810114989647,0.426771652783403,0.000134840639918566,0.6,26333,0.0344271886133625,1.00007171654137,"p.ad[43]",2021,"p.ad[43]"
0.001171859962824,0.0140773248110677,0.0375035259977918,0.0164190059214154,0.0107117847227437,0.0107290123172635,4.50279319027612e-05,0.4,56593,0.00596707805388499,1.00006744260106,"p.ad[5]",1983,"p.ad[5]"
0.00964622039291908,0.0363532163369196,0.0737645988555538,0.0390098357509548,0.0175364582734123,0.0318694841837624,7.17276756428764e-05,0.4,59774,0.000531696752333196,1.00000670708751,"p.ad[6]",1984,"p.ad[6]"
0.00255950653130874,0.017854651234016,0.0414173718738464,0.0198949670751563,0.010973438759306,0.0146306008827415,4.46154451070595e-05,0.4,60494,0.00341438848376756,1.00004444348257,"p.ad[7]",1985,"p.ad[7]"
0.0899225567995684,0.141933864889782,0.202990360230658,0.143787853382015,0.0292014630228629,0.138618689862646,0.000120492351571043,0.4,58734,0.0042016260996444,1.00009690869706,"p.ad[8]",1986,"p.ad[8]"
0.000821989789855215,0.0117689412603936,0.0309555242926538,0.0136678520362245,0.00884325451606534,0.00899196357362012,3.61024353832051e-05,0.4,60000,0.00263746508027141,1.00003887328406,"p.ad[9]",1987,"p.ad[9]"
4809.45061186371,4980.74063479121,5195.3967283478,4990.28219610653,100.382851320157,4969.32639812116,4.38364031317831,4.4,524,0.960914179427244,1.00434850365903,"Ntot[1]",2004,"pop.size"
1868.80786001368,1869.00074719934,1869.19937188727,1869.0004289315,0.0998748160013039,1869.00517735222,0.000407737228929252,0.4,60000,3.14204272606339e-05,0.999991967808236,"Ntot.breed[1]",2004,"pop.size"
4899.31969403732,5142.22687308243,5398.20056718264,5147.39177630656,127.467091742331,5129.71698187935,3.63237738837894,2.8,1231,0.787654695175793,1.00295866175215,"Ntot[2]",2005,"pop.size"
752,805,854,805.0891,26.0674865126569,807,0.165659109334237,0.6,24761,0.143658558895593,1.00025833523395,"Ntot.breed[2]",2005,"pop.size"
4868.01061225052,5108.91875964415,5367.40928466807,5114.59882841098,127.635669847529,5103.49343124205,3.72042159885159,2.9,1177,0.761486779748363,1.00326440177619,"Ntot[3]",2006,"pop.size"
1285,1346,1381,1339.98845,27.9187274218074,1347,0.158824240640894,0.6,30900,0.116891273787631,1.00012604650663,"Ntot.breed[3]",2006,"pop.size"
4842.47609923824,5095.30678829515,5355.94619444575,5100.05271654113,131.008626639853,5097.85593765651,3.59778270632109,2.7,1326,0.694796127337641,1.00054302951169,"Ntot[4]",2007,"pop.size"
1213,1366,1426,1345.5874,55.2322101482215,1380,0.751739295300854,1.4,5398,0.19113065605881,1.00104906456088,"Ntot.breed[4]",2007,"pop.size"
4701.37655674954,4940.1406195192,5192.26560227056,4943.26882830122,126.015942475636,4932.10061490112,2.81448689915441,2.2,2005,0.650731620190672,1.00406543646219,"Ntot[5]",2008,"pop.size"
1473,1516,1586,1522.29221666667,29.4202371153869,1517,0.182852617830101,0.6,25887,0.074629156015051,1.00028041661616,"Ntot.breed[5]",2008,"pop.size"
4470.73559893557,4697.49995686378,4932.92017095654,4700.21215821701,118.226278646811,4696.34914570585,2.26674945355387,1.9,2720,0.62603035733119,1.00218897981728,"Ntot[6]",2009,"pop.size"
1542,1657,1738,1648.08461666667,50.4113778010803,1682,0.497775837879753,1,10256,0.159469161458268,1.00007605991766,"Ntot.breed[6]",2009,"pop.size"
4337.65243915642,4572.5330183348,4820.29400709642,4575.57639264922,123.440668838039,4569.67457640401,2.40939602831853,2,2625,0.665313572596212,1.00266362227451,"Ntot[7]",2010,"pop.size"
1341,1470,1655,1481.09296666667,79.8761626554187,1468,0.971743728790746,1.2,6757,0.329827609481798,1.00029688533379,"Ntot.breed[7]",2010,"pop.size"
4226.2109544375,4451.60597753574,4697.44418375597,4454.26924676617,120.575974180774,4443.70019624766,2.10763464300436,1.7,3273,0.690757945246778,1.00226046799136,"Ntot[8]",2011,"pop.size"
1099,1237,1369,1238.4395,69.0906438313786,1230,0.894373665371018,1.3,5968,0.296132320610256,1.00028435004766,"Ntot.breed[8]",2011,"pop.size"
4268.69708235203,4532.93189552541,4788.50654335938,4536.01085170381,132.575311162145,4524.07750768652,2.62247364653244,2,2556,0.731242260220258,1.00263919458248,"Ntot[9]",2012,"pop.size"
1310,1452,1537,1446.25635,65.8420080256102,1511,0.684148051447457,1,9262,0.257417239030798,1.00049585249348,"Ntot.breed[9]",2012,"pop.size"
4164.85186423352,4425.94285494474,4700.99905896163,4429.51578799877,137.074479218157,4422.57496467627,2.51820319014407,1.8,2963,0.689719186591344,1.00251978152322,"Ntot[10]",2013,"pop.size"
1395,1468,1567,1478.12241666667,43.5035026184336,1460,0.372662414483281,0.9,13628,0.158019182491476,1.00038790725288,"Ntot.breed[10]",2013,"pop.size"
3861.21553303673,4101.85315303828,4363.03784541775,4106.52393031018,128.496448885813,4093.87479643018,2.13283640063614,1.7,3630,0.658827589972252,1.00334017455952,"Ntot[11]",2014,"pop.size"
1222,1369.5,1526,1372.66386666667,84.6955780234787,1517,1.08287841601558,1.3,6117,0.372517951951987,1.0003090071306,"Ntot.breed[11]",2014,"pop.size"
3721.55610551178,3939.67888032169,4176.2752224284,3943.93095837549,116.671304925142,3932.22676037701,2.11682327980783,1.8,3038,0.74835057818501,1.00243095101861,"Ntot[12]",2015,"pop.size"
1263,1400,1578,1404.83535,85.0309467865045,1391,1.25739314350929,1.5,4573,0.53163058963532,1.00021924535524,"Ntot.breed[12]",2015,"pop.size"
3815.02229770986,4063.59515386071,4330.21230520328,4067.99264294378,132.327480218758,4051.81152864521,2.57849994610245,1.9,2634,0.772702222520496,1.00203323385193,"Ntot[13]",2016,"pop.size"
999,1074,1137,1073.43418333333,39.7264144447134,1040,0.269403759597937,0.7,21745,0.125682534552423,1.00011113081956,"Ntot.breed[13]",2016,"pop.size"
3464.96354663188,3657.99081504919,3867.07692350047,3660.68440722221,103.230399870753,3651.88284633932,1.74192635347115,1.7,3512,0.711998614288324,1.00229037782553,"Ntot[14]",2017,"pop.size"
1236,1340,1449,1346.1397,55.6492242938996,1316,0.561123823886969,1,9836,0.312311251190687,1.00062700899866,"Ntot.breed[14]",2017,"pop.size"
3571.8504306467,3785.08378504696,4010.1529891457,3788.74368415786,112.774801059011,3775.72858150495,2.00096245379607,1.8,3176,0.752138404946021,1.00315774176282,"Ntot[15]",2018,"pop.size"
1369,1413,1574,1427.78253333333,46.4435243953865,1409,0.439754321010623,0.9,11154,0.281147002120482,1.00148051746926,"Ntot.breed[15]",2018,"pop.size"
3413.68011889661,3604.85002215322,3809.83396772716,3607.9614960356,101.331640440322,3599.23359050483,1.78037007095895,1.8,3239,0.822105927958149,1.00293578061527,"Ntot[16]",2019,"pop.size"
1703,1786,1851,1786.94096666667,38.4604242714006,1785,0.351634252090751,0.9,11963,0.317594169586774,1.00022367409386,"Ntot.breed[16]",2019,"pop.size"
3545.38601607344,3756.77597397155,3974.04577704421,3760.06564404214,109.832654752621,3752.02796327353,2.1039140062726,1.9,2725,0.83965828010952,1.00323209321185,"Ntot[17]",2020,"pop.size"
1287,1411,1586,1421.31295,86.7332023493348,1291,0.981894701298368,1.1,7803,0.550070441421968,1.00149601571264,"Ntot.breed[17]",2020,"pop.size"
3677.90187130073,3913.23639102313,4169.13897609485,3916.59612585741,126.562118018572,3908.00850654897,2.569016620249,2,2427,0.808426654685415,1.00335144115482,"Ntot[18]",2021,"pop.size"
1755,1834,1902,1829.3232,42.7187947319489,1863,0.400924875864541,0.9,11353,0.258265278348126,1.00039221798767,"Ntot.breed[18]",2021,"pop.size"
3708.89140729003,3977.34978161562,4279.4100786822,3982.82250206474,146.393359180818,3967.93281344617,3.28074745177191,2.2,1991,0.768393532341928,1.00352200269777,"Ntot.f[1,1]",2022,"pop.size"
3705.67895764024,3978.18989156859,4274.43215927298,3982.90012877855,146.260797545724,3971.30875864422,3.30553896195148,2.3,1958,0.768229222072845,1.00345013466888,"Ntot.f[2,1]",2022,"pop.size"
3703.3308263166,3977.92243178619,4270.73370726999,3982.8592916755,146.380164078432,3970.39250161545,3.32265412273899,2.3,1941,0.768499906684662,1.00341774728542,"Ntot.f[3,1]",2022,"pop.size"
3652.13289462409,3955.75541920085,4284.9980667833,3962.53141720723,162.137283037799,3947.0629016923,3.7879670960455,2.3,1832,0.77754874233045,1.00373389405304,"Ntot.f[1,2]",2023,"pop.size"
3790.10459669075,4115.59534977666,4469.69175731642,4121.80646536154,173.241414658803,4103.56192252358,4.07947989268459,2.4,1803,0.781817639634468,1.00332698939378,"Ntot.f[2,2]",2023,"pop.size"
3602.89377743089,3906.81870491651,4229.38548566688,3912.89462577209,160.758078678689,3889.32263019056,3.71818237804386,2.3,1869,0.775525849322788,1.00358973924305,"Ntot.f[3,2]",2023,"pop.size"
3568.56869329246,3913.61048113719,4280.87823223691,3921.73472912065,182.166777769837,3910.32370929356,4.45434544807888,2.4,1673,0.792229744866962,1.00371617253991,"Ntot.f[1,3]",2024,"pop.size"
3810.74455907354,4203.06453529181,4631.15097590415,4210.61484993262,209.427514505763,4191.53644381439,5.62743881768087,2.7,1385,0.808469651410698,1.00318267449147,"Ntot.f[2,3]",2024,"pop.size"
3460.09664238836,3791.9074389681,4153.52697379951,3799.19609740794,177.772060273981,3785.28315876612,4.29502531370974,2.4,1713,0.787679134829503,1.00360220961232,"Ntot.f[3,3]",2024,"pop.size"
3495.58629512574,3875.39066984349,4299.6744109455,3885.25764385342,205.175758389114,3853.47021713377,5.28310096609501,2.6,1508,0.805817716316378,1.00362589142865,"Ntot.f[1,4]",2025,"pop.size"
3788.67133521758,4253.81328207785,4752.26833384725,4263.67130579776,245.378772829138,4236.11898387324,7.10413672733321,2.9,1193,0.826367989505215,1.00305781259176,"Ntot.f[2,4]",2025,"pop.size"
3296.06443857055,3659.45161168091,4063.18665038974,3668.13892886155,195.760464112246,3643.72018693431,4.98643477885182,2.5,1541,0.798397942214638,1.00358368004993,"Ntot.f[3,4]",2025,"pop.size"
3412.29557630498,3838.13447222843,4314.63818256503,3849.61283574585,229.911449332462,3825.63512415611,6.21013125866099,2.7,1371,0.817072998743352,1.00350544963697,"Ntot.f[1,5]",2026,"pop.size"
3762.92649417607,4311.80239082732,4889.22300964692,4324.28958909495,286.795477947461,4291.55218535896,8.81428616218717,3.1,1059,0.840806167626328,1.00290608656611,"Ntot.f[2,5]",2026,"pop.size"
3111.30645086495,3509.15096893656,3944.06534583324,3519.20704253878,212.960563687119,3485.16138866952,5.70542393401321,2.7,1393,0.807061357013743,1.00350923592294,"Ntot.f[3,5]",2026,"pop.size"
3324.0173322267,3801.37522896573,4327.87575274169,3814.84642446863,255.745719914477,3769.4005758024,7.06331503340588,2.8,1311,0.825842243433171,1.00332534460312,"Ntot.f[1,6]",2027,"pop.size"
3754.6340639608,4363.57778198349,5048.3155767402,4379.70285784793,329.190440817673,4329.19800637787,10.5062362152019,3.2,982,0.850585513313662,1.00278121457186,"Ntot.f[2,6]",2027,"pop.size"
2921.10618291207,3343.31853147777,3817.9611768459,3355.21434192608,228.330448597504,3328.86301853313,6.32773499322489,2.8,1302,0.81355336675754,1.00340422525101,"Ntot.f[3,6]",2027,"pop.size"
3234.7910231823,3765.32959654634,4343.0250014254,3781.14778104242,282.141894231653,3721.5820339333,8.04185356576093,2.9,1231,0.833061646839788,1.00317816243322,"Ntot.f[1,7]",2028,"pop.size"
3710.67469191352,4414.90111981826,5176.34874743733,4434.81860746104,373.613070584682,4376.92020273363,12.2437155704107,3.3,931,0.858158350700472,1.00270298554522,"Ntot.f[2,7]",2028,"pop.size"
2717.30224848856,3166.54546086681,3661.49239733157,3179.58189595538,241.020630410841,3144.44624886205,6.78224924045746,2.8,1263,0.818337052984758,1.00330680514383,"Ntot.f[3,7]",2028,"pop.size"
3160.17132381507,3729.86247250915,4371.87639847126,3748.20554161937,308.726145452569,3713.52794046973,9.01994521572308,2.9,1171,0.838779764924796,1.0030355146903,"Ntot.f[1,8]",2029,"pop.size"
3690.28299839718,4465.08943801778,5331.07413085105,4488.70312735873,418.964756874452,4430.08298306636,13.7926935008621,3.3,923,0.863819744419602,1.00267797644447,"Ntot.f[2,8]",2029,"pop.size"
2524.35110242017,2980.67402216768,3506.71698996686,2995.08082950833,250.846404475708,2963.41103662368,7.19977979616583,2.9,1214,0.821858532227252,1.00322986347176,"Ntot.f[3,8]",2029,"pop.size"
3082.4785698484,3695.92505934899,4394.88943013511,3716.47528891178,335.525698376134,3659.75903021411,10.0344921700213,3,1118,0.843437383958026,1.00293885066397,"Ntot.f[1,9]",2030,"pop.size"
3643.99838599604,4514.62584767595,5468.16942494444,4542.08593338745,466.171687196809,4481.30339128932,16.0209528233044,3.4,847,0.868271992109837,1.00263010883806,"Ntot.f[2,9]",2030,"pop.size"
2322.95172976433,2789.44628457057,3330.6305406344,2805.20082705882,257.712744295341,2771.6918528057,7.50712447609778,2.9,1178,0.824400300896474,1.0031436386868,"Ntot.f[3,9]",2030,"pop.size"
2993.70511448459,3661.94974790168,4410.27857044182,3685.53591607185,362.461323545294,3629.87572791436,11.009033418683,3,1084,0.847161191256438,1.00283009486731,"Ntot.f[1,10]",2031,"pop.size"
3638.28541381877,4562.87554019442,5646.1198575503,4595.46818174952,514.58388010362,4520.80407636518,17.9336939613119,3.5,823,0.871757994276059,1.00260538806613,"Ntot.f[2,10]",2031,"pop.size"
2122.62394388169,2595.40132439738,3143.0962532454,2612.74039694139,261.486631942665,2564.11606584398,7.69433767468032,2.9,1155,0.826019865675535,1.00307105330071,"Ntot.f[3,10]",2031,"pop.size"
2926.6050772032,3629.38057692981,4445.02797301483,3655.50913556711,389.208346962657,3590.69462736307,11.9597508729159,3.1,1059,0.850290633718496,1.00276626066977,"Ntot.f[1,11]",2032,"pop.size"
3599.53480254171,4612.85086106971,5798.3643270741,4649.21742385617,564.311783443304,4550.6896566291,19.8730310360634,3.5,806,0.87455950321421,1.0025707060721,"Ntot.f[2,11]",2032,"pop.size"
1940.23317973412,2416.84930807927,2968.67140280708,2435.33011468839,263.855274005553,2387.6794588769,7.82834016076304,3,1136,0.827315073349974,1.00294987025455,"Ntot.f[3,11]",2032,"pop.size"
2842.56884188661,3596.95009638928,4464.14627123815,3626.46606184035,415.725405196035,3547.91914737921,12.7997767820613,3.1,1055,0.852828260087833,1.00268487018103,"Ntot.f[1,12]",2033,"pop.size"
3570.28280919599,4660.35130491863,5965.5226697498,4703.69942273718,615.477843937826,4611.82282842405,22.0098722945626,3.6,782,0.876839067968742,1.00253728471889,"Ntot.f[2,12]",2033,"pop.size"
1775.57527668067,2252.25509565087,2805.52853126269,2271.39474563173,264.779626710824,2221.05615866122,7.72873319243964,2.9,1174,0.828579617827842,1.0029098056473,"Ntot.f[3,12]",2033,"pop.size"
2779.53877673597,3564.4956642133,4499.97395845129,3597.9567860133,442.095552466225,3524.6860830125,13.5513563807415,3.1,1064,0.85504257916616,1.0026138258577,"Ntot.f[1,13]",2034,"pop.size"
3513.90183602494,4708.93350014483,6109.43519330845,4759.03127637418,668.041453260244,4618.62285603392,24.0643138443106,3.6,771,0.878733081617739,1.00249236189572,"Ntot.f[2,13]",2034,"pop.size"
1625.55251267247,2099.64439131755,2655.11602417581,2119.6953993174,264.483201466892,2073.41870029772,7.92074515651829,3,1115,0.829505800696873,1.00283215393613,"Ntot.f[3,13]",2034,"pop.size"
2696.20087126746,3533.65635630986,4517.55779720517,3570.45015035261,468.131264463613,3496.65426105078,14.4491570681291,3.1,1050,0.856874335186549,1.0025811611825,"Ntot.f[1,14]",2035,"pop.size"
3441.30145869834,4759.0724105787,6242.01557353036,4815.63672486646,722.233243461507,4646.82687992683,26.012145236688,3.6,771,0.880338825289968,1.00243979333966,"Ntot.f[2,14]",2035,"pop.size"
1480.41139493848,1958.28186231971,2502.46286755744,1978.90644179111,263.125801423531,1920.57839301426,7.74343418392349,2.9,1155,0.830306534920988,1.0027678896567,"Ntot.f[3,14]",2035,"pop.size"
2615.3370627681,3503.80864659663,4535.71860556002,3543.51427776213,494.070197122275,3464.51284472446,15.3508018225865,3.1,1036,0.858378686117278,1.00252696859588,"Ntot.f[1,15]",2036,"pop.size"
3399.69899310776,4810.12770096292,6410.31778492913,4873.51669703087,777.682655082372,4694.8187022341,28.3116820707834,3.6,755,0.881675333950645,1.00239962220312,"Ntot.f[2,15]",2036,"pop.size"
1360.77606835958,1826.23309833633,2370.97466639635,1848.0563928898,260.859710143223,1796.1138794021,7.70309196158005,3,1147,0.830855043089277,1.00273033406427,"Ntot.f[3,15]",2036,"pop.size"
2553.4398802625,3473.05210962563,4571.45125284974,3517.27775058152,519.642390220732,3418.25841317903,16.213543486614,3.1,1027,0.85971280659433,1.0024610322149,"Ntot.f[1,16]",2037,"pop.size"
3378.55242118585,4861.08297061388,6607.38006591147,4932.70432802729,834.811838074675,4752.86206659881,30.5030939910664,3.7,749,0.882835869453327,1.0024018437834,"Ntot.f[2,16]",2037,"pop.size"
1245.76098782819,1703.88632607843,2243.77706541663,1726.32262522827,257.815556392382,1657.96873595662,7.661124376857,3,1132,0.831341398859974,1.00273630145998,"Ntot.f[3,16]",2037,"pop.size"
2485.88598806673,3443.71229932702,4598.6163729923,3491.65230477147,545.061725030896,3382.4156603042,17.2291677095202,3.2,1001,0.860889149557059,1.00242516532438,"Ntot.f[1,17]",2038,"pop.size"
3337.43422671095,4913.01701020054,6788.76167807389,4993.16739408353,893.235947094773,4806.47448373492,32.2668385712654,3.6,766,0.883864082315745,1.00237573400691,"Ntot.f[2,17]",2038,"pop.size"
1130.69957252632,1589.72245947369,2111.40952937548,1612.93498618597,254.091393384919,1558.91238467535,7.60540224687895,3,1116,0.831751302597939,1.00267375987948,"Ntot.f[3,17]",2038,"pop.size"
2418.21608596332,3414.63442094166,4626.46265024272,3466.57817875509,570.106101076791,3341.46840250647,18.0835119549291,3.2,994,0.861848430101665,1.00239784618033,"Ntot.f[1,18]",2039,"pop.size"
3288.05774368536,4964.14690727773,6961.03211369804,5054.95193168801,952.695709408377,4782.01698549888,35.4104869328929,3.7,724,0.884660126806247,1.00233825864316,"Ntot.f[2,18]",2039,"pop.size"
1033.69381878735,1483.28414257235,1998.21581399149,1507.11137603399,249.855200044287,1459.3029503908,7.45552391453802,3,1123,0.832085652086284,1.00266369858802,"Ntot.f[3,18]",2039,"pop.size"
2361.79088021401,3385.85850788468,4661.44818490198,3441.81699110596,594.849236450171,3278.59314596299,18.9105388852006,3.2,989,0.862705331886726,1.00235217421397,"Ntot.f[1,19]",2040,"pop.size"
3251.72513742569,5017.56261315063,7156.85541734933,5118.25470361372,1013.52159303439,4837.16366794327,37.0239203653887,3.7,749,0.885305118058478,1.00231989858644,"Ntot.f[2,19]",2040,"pop.size"
946.263302523953,1384.7323412339,1889.72746645992,1408.52898996147,245.105272225184,1345.73722915709,7.34843084728977,3,1113,0.832332733122157,1.00266631026688,"Ntot.f[3,19]",2040,"pop.size"
2300.30561679395,3356.83951398805,4689.52133268032,3417.60949232229,619.392290756196,3249.87800996144,19.7468552763866,3.2,984,0.86349169745601,1.00234764543558,"Ntot.f[1,20]",2041,"pop.size"
3207.55163510423,5072.06070276396,7348.77576271468,5182.53175316711,1075.379802385,4905.73302063883,40.1122040713443,3.7,719,0.885817928981451,1.00231073801326,"Ntot.f[2,20]",2041,"pop.size"
870.924966831247,1292.30513679864,1793.19400002576,1316.54259277452,240.021016301101,1254.05160823731,7.18449036975719,3,1116,0.832515501118186,1.00263819606909,"Ntot.f[3,20]",2041,"pop.size"
2246.67354231303,3328.56026733819,4726.87271699388,3393.72245510495,643.714672332316,3229.29733131577,20.5709603125179,3.2,979,0.864215450925183,1.00232937729134,"Ntot.f[1,21]",2042,"pop.size"
3170.92282698204,5125.89912114885,7549.34520541396,5247.90463138547,1138.27574669633,4890.77189948022,42.6619477690374,3.7,712,0.886228552527815,1.00229763160783,"Ntot.f[2,21]",2042,"pop.size"
798.326672240341,1206.58054131227,1697.43491353531,1230.64173364405,234.591014869599,1174.58363579687,7.02298007741477,3,1116,0.832802910725064,1.00263392301604,"Ntot.f[3,21]",2042,"pop.size"
2151.37520099572,3299.60630174901,4717.33218926206,3370.15553189162,667.551046612068,3179.45775983862,21.1835365908583,3.2,993,0.864854765848096,1.0022931138052,"Ntot.f[1,22]",2043,"pop.size"
3144.53843401981,5180.26416275323,7768.82049363698,5314.66501275,1201.94621024988,4985.21703146635,45.1045119281614,3.8,710,0.886532635531311,1.00229285548631,"Ntot.f[2,22]",2043,"pop.size"
728.353181019937,1126.22308993871,1603.65022554194,1150.48228746037,228.932312508213,1086.42219564996,6.85874670346606,3,1114,0.832941238435841,1.00260241109679,"Ntot.f[3,22]",2043,"pop.size"
2110.00130446475,3271.54663634138,4759.31792707918,3346.88206422364,691.184364653176,3144.70363870272,22.165023002959,3.2,972,0.865419664082569,1.00226931080184,"Ntot.f[1,23]",2044,"pop.size"
3065.92660574741,5234.23825813801,7943.05977969446,5382.09378462161,1266.19711952958,5024.88946517555,46.6089311709584,3.7,738,0.886791784024609,1.0023107617596,"Ntot.f[2,23]",2044,"pop.size"
669.667889049578,1051.00534148798,1520.64781750015,1075.53493022348,223.039827642602,1011.91848595053,6.68975651970585,3,1112,0.833057778732039,1.00260348901316,"Ntot.f[3,23]",2044,"pop.size"
2058.51547006335,3243.00010911084,4791.05881055342,3324.01226028147,714.607071482777,3111.30918577325,22.9402496857157,3.2,970,0.865956273178274,1.0022444254832,"Ntot.f[1,24]",2045,"pop.size"
3025.83513030698,5289.86423365657,8148.45511676419,5450.34750280545,1331.09210033986,5052.90138923487,49.0084831966118,3.7,738,0.886961671207445,1.00231294888495,"Ntot.f[2,24]",2045,"pop.size"
609.27464628296,980.742162920563,1436.27431805422,1005.72341504209,216.974621611202,941.701946569529,6.5124357089527,3,1110,0.833215250688786,1.00258164473021,"Ntot.f[3,24]",2045,"pop.size"
1986.82760163146,3214.75518150773,4805.030661849,3301.58355730677,737.677003485081,3075.74015717332,23.7113255055754,3.2,968,0.866416749630743,1.00223761613168,"Ntot.f[1,25]",2046,"pop.size"
2975.23098793213,5346.1893137375,8355.48783764031,5519.35989676039,1396.09550948264,5143.73746144682,51.3826341371816,3.7,738,0.887102014342263,1.00232268014123,"Ntot.f[2,25]",2046,"pop.size"
558.229793045312,915.541618933989,1360.06607236705,940.626340261608,210.938335374515,878.801968061798,6.33854116350239,3,1107,0.833566386329542,1.00257658483976,"Ntot.f[3,25]",2046,"pop.size"
1892.68547460316,3187.87670066058,4793.80825818855,3279.53981557189,760.52406479814,3049.07752994282,24.4839392666536,3.2,965,0.866873675193846,1.00222067191058,"Ntot.f[1,26]",2047,"pop.size"
2937.43896557355,5404.32100583019,8568.47240641437,5589.02558062569,1461.63656955178,5189.47631560089,53.8066171595281,3.7,738,0.887214435182273,1.00232111465803,"Ntot.f[2,26]",2047,"pop.size"
513.029714871128,854.705960336894,1289.59566689997,879.914620880617,204.629249786951,823.386278248731,6.15722871426329,3,1104,0.833741840309279,1.00252925687353,"Ntot.f[3,26]",2047,"pop.size"
1874.85384028884,3159.57490933152,4857.17320339592,3258.01993066248,783.003618265807,3017.98605224012,25.2384966542345,3.2,962,0.867275061369477,1.0022018157368,"Ntot.f[1,27]",2048,"pop.size"
2987.77234721664,5461.71802613421,8861.03448239226,5659.08879168866,1527.05647344517,5173.23732050776,56.2011745301888,3.7,738,0.887286370681362,1.00234179121431,"Ntot.f[2,27]",2048,"pop.size"
476.376406832242,798.45965353461,1226.01934847069,823.440048531976,198.377402196537,766.909950420737,5.98018035954583,3,1100,0.833831603186178,1.00250750593717,"Ntot.f[3,27]",2048,"pop.size"
1812.2254323171,3132.32630873526,4872.59250821363,3236.70023132133,805.246386166382,2968.50523309098,25.9852974760925,3.2,960,0.867671399421966,1.00218609415627,"Ntot.f[1,28]",2049,"pop.size"
2943.64950225288,5520.24727285658,9051.48480941688,5729.94773164424,1592.83053425584,5201.38498940349,58.6040846133478,3.7,739,0.887259902815971,1.00236039120091,"Ntot.f[2,28]",2049,"pop.size"
432.675599491807,745.719820510448,1155.55268281434,770.77248684476,192.039101248181,708.317268939519,5.79810328509233,3,1097,0.833875417546464,1.00251177969911,"Ntot.f[3,28]",2049,"pop.size"
1763.99229694854,3104.89439073486,4903.12624579698,3215.67197676412,827.11359135167,2924.55231727956,26.4834955516027,3.2,975,0.867944852046885,1.00217502629158,"Ntot.f[1,29]",2050,"pop.size"
2917.83776523919,5578.13948441365,9239.47558585748,5801.23268574961,1658.19881204311,5238.37303737134,60.9841920023457,3.7,739,0.887232370731634,1.00238277481711,"Ntot.f[2,29]",2050,"pop.size"
389.096927380619,697.077276885691,1087.38697213365,721.841259626372,185.786857513205,660.224545402196,5.62161196832428,3,1092,0.833888975552532,1.00250639161907,"Ntot.f[3,29]",2050,"pop.size"
1666.05593577338,3079.71591189646,4879.32715417801,3195.22789925515,848.803425627346,2897.15770706918,27.1981854286804,3.2,974,0.868209582195033,1.00216712815046,"Ntot.f[1,30]",2051,"pop.size"
2932.98308579053,5637.29402365818,9469.2079539871,5872.83404453953,1723.03117780079,5312.95810051902,63.3246482576491,3.7,740,0.887154178034015,1.00242781302561,"Ntot.f[2,30]",2051,"pop.size"
364.441051259531,651.746465799529,1037.9929876513,676.205793407542,179.591742945881,614.213079932812,5.45183311982762,3,1085,0.83374190743819,1.00251346796809,"Ntot.f[3,30]",2051,"pop.size"
0.876346518565598,0.958679739534237,0.997784832437226,0.949408495365495,0.0375605775303566,0.96978480053353,0.000188416420673868,0.5,39740,0.0204274304153985,1.0000325629374,"phi.ad[1]",1979,"survival"
0.768540087416897,0.825384212985794,0.881037263749554,0.825377651055897,0.028784916215946,0.825011336038759,0.000650373055886809,2.3,1959,0.70616147618825,1.00271606238345,"phi.juv[1]",1979,"survival"
0.827030650026595,0.926231032509964,0.992428411670202,0.917856757043344,0.0465895386917595,0.939684039651109,0.000190200995244108,0.4,60000,0.00203532807048081,1.00005427544391,"phi.ad[2]",1980,"survival"
0.500603160448494,0.738721927315673,0.951677824477409,0.730248585686506,0.120444803774079,0.75984314169283,0.000599191771609975,0.5,40406,0.0365902008181812,1.00004962010717,"phi.juv[2]",1980,"survival"
0.824817749355898,0.940093204845546,0.997281942206845,0.927156365818907,0.0511575789557081,0.957787060724787,0.000209711063863821,0.4,59508,0.00300023461205908,1.0000608587183,"phi.ad[3]",1981,"survival"
0.768540087416897,0.825384212985794,0.881037263749554,0.825377651055897,0.028784916215946,0.825011336038759,0.000650373055886809,2.3,1959,0.70616147618825,1.00271606238345,"phi.juv[3]",1981,"survival"
0.822690787063747,0.914571031837127,0.987820252699226,0.908835018314394,0.0448191220214114,0.923447936837382,0.000183596188308554,0.4,59594,0.000218423980799286,1.00004683615947,"phi.ad[4]",1982,"survival"
0.486956610403336,0.707276894735854,0.922667674167022,0.705231218126215,0.114279580663794,0.712921948109143,0.000598403909361235,0.5,36471,0.0366628931397707,1.00017862315171,"phi.juv[4]",1982,"survival"
0.751521725121122,0.87367358755877,0.973393262470884,0.867397164208366,0.0593773533328028,0.887763924517119,0.000374257353148312,0.6,25171,0.0338080050160069,1.00009330637944,"phi.ad[5]",1983,"survival"
0.383791547649455,0.609378580421173,0.859925108573443,0.613899836822412,0.123906872388289,0.595131987897111,0.000825672965968131,0.7,22520,0.0444059109221438,1.00006804398218,"phi.juv[5]",1983,"survival"
0.856610851547295,0.936058875533134,0.992008582392863,0.930046276117334,0.0376707396964511,0.946735090465391,0.000159631637139171,0.4,55689,0.00741690709537503,1.00015078973697,"phi.ad[6]",1984,"survival"
0.563108235848427,0.767514889852694,0.952419711291433,0.760906005239587,0.103442096461353,0.780165102571605,0.000499978346349362,0.5,42805,0.0240172781456905,1.00014582596969,"phi.juv[6]",1984,"survival"
0.894609857772866,0.953156809484835,0.994990681001053,0.94862851433428,0.0280388237960099,0.960388681970546,0.000130187879618211,0.5,46385,0.0165399906518367,1.00009265764963,"phi.ad[7]",1985,"survival"
0.647595346425367,0.820896629126791,0.969166316477856,0.81349140604113,0.0864319786656365,0.837438456565897,0.000483665310980294,0.6,31934,0.0383228514877005,1.00006010023717,"phi.juv[7]",1985,"survival"
0.941137292694348,0.975162088489102,0.997718734126615,0.972342104285396,0.0160660245163111,0.980136970542434,0.000138680178732195,0.9,13421,0.068029583380558,1.00017015166568,"phi.ad[8]",1986,"survival"
0.779365242998726,0.898972701050982,0.987044662721759,0.891016285388598,0.0573497282887004,0.913022328722989,0.000492685629467326,0.9,13549,0.0823572024543176,1.00036792256584,"phi.juv[8]",1986,"survival"
0.827748289668069,0.913744352190487,0.983577138526382,0.908896020155753,0.0415710360888805,0.921215139265846,0.000186374555092256,0.4,49752,0.00978023760270699,1.00002419451412,"phi.ad[9]",1987,"survival"
0.500955711884451,0.704993855594533,0.912301735907951,0.703715811141636,0.107339869999104,0.710319387573585,0.000641340745698775,0.6,28012,0.0502898520594254,0.999989260318008,"phi.juv[9]",1987,"survival"
0.914570364392046,0.96331759518764,0.996986969860548,0.959275429245461,0.0232031134916213,0.969069426283419,0.000145386156903841,0.6,25471,0.0318839572341191,1.00025393405989,"phi.ad[10]",1988,"survival"
0.698345268238772,0.85583832847962,0.978232186489323,0.846933288203337,0.0762420634902579,0.872780523259383,0.000512683412604465,0.7,22115,0.0546262295491734,1.00009167687427,"phi.juv[10]",1988,"survival"
0.845036082387225,0.918507375527861,0.980023402135867,0.914914954573174,0.0356602267491414,0.925327070826897,0.000145582266078907,0.4,60000,0.0053717116278778,0.999988663295488,"phi.ad[11]",1989,"survival"
0.530328770629016,0.7174389090267,0.904699547418645,0.716784988176593,0.0967829650146518,0.717030667968502,0.000588615201513831,0.6,27036,0.0608447978567977,1.00010271858457,"phi.juv[11]",1989,"survival"
0.857600393959049,0.928133850757071,0.984184389133148,0.924475807009993,0.033690579946178,0.934074068234173,0.00013850891958433,0.4,59165,0.000528775129407294,1.00005751784968,"phi.ad[12]",1990,"survival"
0.554914697405741,0.744345718696735,0.92054795180785,0.742426487323739,0.0951562982446902,0.749367991358192,0.000521181155915599,0.5,33335,0.0493163749627927,1.00016196978766,"phi.juv[12]",1990,"survival"
0.837320915322946,0.912282254335489,0.975040457868088,0.908809535949662,0.036044370762917,0.917343375231198,0.000172000277479897,0.5,43915,0.0191715274738379,1.00014375700754,"phi.ad[13]",1991,"survival"
0.527710280522457,0.700711200305658,0.886303653193265,0.701287389519873,0.0923334544899135,0.698855760796287,0.000510281331960943,0.6,32742,0.042389504404171,1.00006524466919,"phi.juv[13]",1991,"survival"
0.871273132395118,0.936725466240245,0.987531747564141,0.932772704201577,0.0313450760825091,0.944347822503077,0.000128205811232652,0.4,59776,0.00699754659050588,1.00013821654072,"phi.ad[14]",1992,"survival"
0.594698115359071,0.769494940180242,0.935183643984716,0.766076980703045,0.0891103512543448,0.772120156327426,0.000410168294800174,0.5,47199,0.0225166794523179,1.00009332673024,"phi.juv[14]",1992,"survival"
0.871822106891133,0.952461214485336,0.996816181961449,0.944364242504609,0.0362977925527262,0.96413193815932,0.000151352927684992,0.4,57515,0.00344319595542284,0.999980092583744,"phi.ad[15]",1993,"survival"
0.768540087416897,0.825384212985794,0.881037263749554,0.825377651055897,0.028784916215946,0.825011336038759,0.000650373055886809,2.3,1959,0.70616147618825,1.00271606238345,"phi.juv[15]",1993,"survival"
0.933495886226451,0.970562245020349,0.99686531692089,0.96766171636861,0.0177616372238559,0.975141970761092,0.000126551897637025,0.7,19698,0.0381840188234818,1.00005887271543,"phi.ad[16]",1994,"survival"
0.754866031628314,0.881781312905253,0.983474307508894,0.874454590112068,0.0618168597446799,0.894385036738985,0.000446618985897887,0.7,19158,0.0577535945686979,1.00006719229673,"phi.juv[16]",1994,"survival"
0.898729617207852,0.960739140320139,0.996909433843854,0.954716437236447,0.0285066951892766,0.969943676939235,0.000122224077063853,0.4,54398,0.0090677188934755,1.00006792992171,"phi.ad[17]",1995,"survival"
0.768540087416897,0.825384212985794,0.881037263749554,0.825377651055897,0.028784916215946,0.825011336038759,0.000650373055886809,2.3,1959,0.70616147618825,1.00271606238345,"phi.juv[17]",1995,"survival"
0.905562950300165,0.962486121776239,0.996612592394783,0.957302609084643,0.0262156531067177,0.970892470360021,0.000115686711877571,0.4,51352,0.0125381412888263,1.00014534140717,"phi.ad[18]",1996,"survival"
0.768540087416897,0.825384212985794,0.881037263749554,0.825377651055897,0.028784916215946,0.825011336038759,0.000650373055886809,2.3,1959,0.70616147618825,1.00271606238345,"phi.juv[18]",1996,"survival"
0.898168936939276,0.951353318650477,0.993362953006317,0.94784227057392,0.0259094827293661,0.956568599858584,0.000108374095309709,0.4,57157,0.00487398537534338,1.00002471615055,"phi.ad[19]",1997,"survival"
0.656323037146373,0.815434015460808,0.963732711590408,0.809892683682749,0.0812392007493708,0.824753866556818,0.000424812274740921,0.5,36571,0.0374798660855416,1.00004377260438,"phi.juv[19]",1997,"survival"
0.806413897332962,0.877885978063658,0.945337417667075,0.876566183508139,0.0358141973238361,0.880373591569748,0.000301029456590986,0.8,14154,0.0579024841077858,1.00027388639172,"phi.ad[20]",1998,"survival"
0.468721211901035,0.619599986703821,0.788856451212409,0.623266069673503,0.0825912247571303,0.612855633183057,0.00071556989742431,0.9,13322,0.11646865805394,1.00000051656134,"phi.juv[20]",1998,"survival"
0.932380142023968,0.968632978533445,0.996129562867916,0.966088946675313,0.017462263672836,0.972648460817824,0.000124826131171837,0.7,19570,0.0472782728649108,1.00006512696584,"phi.ad[21]",1999,"survival"
0.753399240709368,0.874768978828866,0.978744659967922,0.868841614356506,0.0603152206316103,0.884786020210319,0.000433292862501601,0.7,19377,0.0586180117521229,1.00017574049804,"phi.juv[21]",1999,"survival"
0.905402328460143,0.952855645707841,0.990985087142041,0.950269517987507,0.0229189069743935,0.957101976907295,0.00010827323524867,0.5,44807,0.0140365586932156,0.999982383340062,"phi.ad[22]",2000,"survival"
0.677047260666191,0.820389968504144,0.959373160427179,0.816681646673907,0.0735765150128875,0.827271050771238,0.000417488211970341,0.6,31059,0.0438649957188432,1.00005828654583,"phi.juv[22]",2000,"survival"
0.842223285135727,0.905703560329912,0.966519139437703,0.904569150689239,0.0320738247110032,0.908759062599121,0.000163834853410503,0.5,38326,0.0330423173079568,1.00020433746982,"phi.ad[23]",2001,"survival"
0.533673735974006,0.684741966355437,0.848741274035349,0.689097493546957,0.0810137881513092,0.679407288313022,0.000396278814629643,0.5,41794,0.032198180572925,1.00000959489518,"phi.juv[23]",2001,"survival"
0.883790015058147,0.952254920648701,0.996021506836216,0.946466224572665,0.0318141767785536,0.963509828883257,0.000158785066531221,0.5,40144,0.0193018463083269,1.00023966099419,"phi.ad[24]",2002,"survival"
0.768540087416897,0.825384212985794,0.881037263749554,0.825377651055897,0.028784916215946,0.825011336038759,0.000650373055886809,2.3,1959,0.70616147618825,1.00271606238345,"phi.juv[24]",2002,"survival"
0.862555543210927,0.918384866915452,0.967982601772095,0.916527867033331,0.0273831006826943,0.921497915733767,0.000122935161068979,0.4,49615,0.0217815554413042,1.00008222566763,"phi.ad[25]",2003,"survival"
0.5765405249431,0.717716558331634,0.865134730658194,0.718357572328767,0.074185038021303,0.718934753966043,0.000407912793648289,0.5,33075,0.0565582503182901,1.00004965868771,"phi.juv[25]",2003,"survival"
0.915010360462429,0.945353840205908,0.974256973978719,0.945045476016472,0.0151918961753734,0.945659952906033,0.000201500110995147,1.3,5684,0.614293303859303,1.00049476382952,"phi.ad[26]",2004,"survival"
0.691550167873331,0.796523306691205,0.906064918976201,0.796451016023297,0.0550884915566784,0.79436590659572,0.000846854137893762,1.5,4232,0.695086849318971,1.00114436478828,"phi.juv[26]",2004,"survival"
0.943367139728735,0.969640680788511,0.992543717030396,0.968635562020777,0.0129106890287865,0.971768760318828,0.000109958075204547,0.9,13786,0.27200485306587,1.00000703073912,"phi.ad[27]",2005,"survival"
0.780480844705593,0.87849470483362,0.966761411608797,0.875951885261698,0.048709892970906,0.881346386187632,0.000411786725428934,0.8,13992,0.28219287359292,1.00013594507098,"phi.juv[27]",2005,"survival"
0.91871647999077,0.951760607257544,0.982261845613544,0.950941179105496,0.016429051908612,0.952941389250387,0.000251887721740159,1.5,4254,0.410665472812101,1.00175141619327,"phi.ad[28]",2006,"survival"
0.711562166677601,0.817794081946074,0.92563580937006,0.816764449428494,0.0548725216952419,0.819276047946023,0.000819270121209153,1.5,4486,0.407421482827758,1.00083624442367,"phi.juv[28]",2006,"survival"
0.906022508614489,0.939114945560071,0.969920333213114,0.938432582415687,0.0163606974266859,0.94048229812323,0.00035433934794721,2.2,2132,0.327830613658208,1.00312248752554,"phi.ad[29]",2007,"survival"
0.670462400969379,0.778012376925797,0.888526199991672,0.776781073743699,0.0556444075107676,0.781349294792105,0.00108522781182668,2,2629,0.396633076682424,1.00411497807705,"phi.juv[29]",2007,"survival"
0.899558098449453,0.931877154171804,0.963089910457764,0.931423346516272,0.0163265361944238,0.933083940607088,0.000182293896263356,1.1,8021,0.230822839146575,1.00053697393098,"phi.ad[30]",2008,"survival"
0.650214307882411,0.756326143647511,0.86185342484749,0.756030285365329,0.0543297084211375,0.758651106212352,0.0005754856175744,1.1,8913,0.310373639652236,1.00011503183962,"phi.juv[30]",2008,"survival"
0.903182990232508,0.935814146624447,0.966199351392082,0.935308892938165,0.0161701101358633,0.937192030199366,0.000184594693575433,1.1,7673,0.287831101230455,1.0005670195026,"phi.ad[31]",2009,"survival"
0.662373783812915,0.767979044121199,0.870532400970244,0.767592195149715,0.0533175364207261,0.771094523906893,0.000735009217984129,1.4,5262,0.364925740720747,1.00091612345995,"phi.juv[31]",2009,"survival"
0.916443929810394,0.948028043255462,0.978105575105168,0.947371406666152,0.0158081812019431,0.948932736571478,0.000132944327183159,0.8,14139,0.235613351045829,1.00037966400132,"phi.ad[32]",2010,"survival"
0.700631126824925,0.805394363756729,0.913757387196259,0.804515212479859,0.0548609862076282,0.808486966163362,0.000498548504165409,0.9,12109,0.292361624555486,1.0003728902842,"phi.juv[32]",2010,"survival"
0.932225324732475,0.961205096837392,0.987849014196958,0.960459606299802,0.0143720964524195,0.962960819245481,0.000158859732904542,1.1,8185,0.270878464361657,1.00031473955889,"phi.ad[33]",2011,"survival"
0.745636702123807,0.84884501864748,0.948521752689975,0.847487376098783,0.0524615142743576,0.849665910526015,0.000607491577517665,1.2,7458,0.309749031965726,1.0005470402914,"phi.juv[33]",2011,"survival"
0.90858395859376,0.941784124026276,0.973208965322124,0.941352204982478,0.016579539063172,0.942912638157684,0.000138589253825413,0.8,14312,0.272094658984917,1.00010395297137,"phi.ad[34]",2012,"survival"
0.678532234252146,0.786027802040682,0.895380152989162,0.785986638624011,0.0556563738314507,0.788452646693408,0.00052886052557109,1,11075,0.314198040446745,1.00036856373745,"phi.juv[34]",2012,"survival"
0.828595866577553,0.869544354506546,0.908254293607712,0.869331499374857,0.0203473175834966,0.869456360338734,0.000212785571979312,1,9144,0.375381282279128,1.00009627812452,"phi.ad[35]",2013,"survival"
0.509266552959709,0.602480079784859,0.697686460959203,0.603309989898062,0.0482406115973436,0.599559218684521,0.000636970632096222,1.3,5736,0.45481749451358,1.00078873754643,"phi.juv[35]",2013,"survival"
0.901158129526801,0.938564891947484,0.972258785384932,0.937744536058793,0.0182799963928276,0.939845163551242,0.000140924886140377,0.8,16826,0.265712678232313,1.00023773150276,"phi.ad[36]",2014,"survival"
0.653953108468108,0.776423328219455,0.892750364011302,0.775177519329973,0.0611777917491837,0.776475101656278,0.000563019944472374,0.9,11807,0.322395050320295,1.00019976349242,"phi.juv[36]",2014,"survival"
0.953320701936018,0.977956338944873,0.996965307800535,0.976452797678549,0.0118896870162898,0.98125520321467,0.000129351013608039,1.1,8449,0.277568469332649,1.00019610161908,"phi.ad[37]",2015,"survival"
0.821360760622632,0.909582929419752,0.984357756414697,0.905555682256534,0.0439095870419848,0.919524276877163,0.000462302220106468,1.1,9021,0.266197202385751,1.00003707876249,"phi.juv[37]",2015,"survival"
0.845235946558918,0.881591426256632,0.916826225780341,0.881357480049537,0.0183046519166202,0.881990103350059,0.000184223565604442,1,9873,0.335973429400194,1.00018856207895,"phi.ad[38]",2016,"survival"
0.529306804694198,0.628191102675973,0.732753391359944,0.628775311387837,0.0522755004167032,0.626683277461788,0.000658679743660987,1.3,6299,0.438712693625098,1.00037685698371,"phi.juv[38]",2016,"survival"
0.938121185051297,0.964409755939585,0.988091258323874,0.963764572281621,0.0129050692775461,0.965785157186348,0.000106121418524336,0.8,14788,0.274381112123668,1.00021960615594,"phi.ad[39]",2017,"survival"
0.766410889915526,0.860713733895698,0.950053368461761,0.8589637602474,0.0472322074395466,0.862320171658618,0.000422207369717885,0.9,12515,0.310956793730929,1.00050891322415,"phi.juv[39]",2017,"survival"
0.896879827061256,0.925737519343012,0.951676904383395,0.925270635469405,0.0139782968930191,0.926702258594768,9.79884771605007e-05,0.7,20350,0.233388435476648,1.00013850404056,"phi.ad[40]",2018,"survival"
0.640047053044341,0.739056547635948,0.830785501769943,0.737831296933016,0.0488300166690619,0.741434250623558,0.00054076621425497,1.1,8154,0.379859720563867,1.00020448878553,"phi.juv[40]",2018,"survival"
0.967538564870625,0.984282392660517,0.997344647541389,0.983260875278527,0.00810350113560291,0.986069445260296,8.36950989227849e-05,1,9374,0.132674811895542,1.00011270837187,"phi.ad[41]",2019,"survival"
0.768540087416897,0.825384212985794,0.881037263749554,0.825377651055897,0.028784916215946,0.825011336038759,0.000650373055886809,2.3,1959,0.70616147618825,1.00271606238345,"phi.juv[41]",2019,"survival"
0.967512557407351,0.98511353253174,0.998106323514863,0.983866346209517,0.00844273149823966,0.987322424111839,8.82214157256589e-05,1,9158,0.121758693486969,1.00066215284539,"phi.ad[42]",2020,"survival"
0.768540087416897,0.825384212985794,0.881037263749554,0.825377651055897,0.028784916215946,0.825011336038759,0.000650373055886809,2.3,1959,0.70616147618825,1.00271606238345,"phi.juv[42]",2020,"survival"
0.888764484902568,0.960631585004534,0.99720069174287,0.952955315557453,0.032477919142043,0.970889887778311,0.000177322183824043,0.5,33547,0.0265494620599855,1.000296035825,"phi.ad[43]",2021,"survival"
0.768540087416897,0.825384212985794,0.881037263749554,0.825377651055897,0.028784916215946,0.825011336038759,0.000650373055886809,2.3,1959,0.70616147618825,1.00271606238345,"phi.juv[43]",2021,"survival"
0.941243443225182,0.954201193704067,0.967284343535113,0.954322285060575,0.00663029144017282,0.954095726409325,0.000207079828228119,3.1,1025,0.847508121253994,1.0022136161433,"mean.phi.ad",NA,"survival"
0.768540087416898,0.825384212985794,0.881037263749554,0.825377651055897,0.028784916215946,0.825011336038759,0.000650373055886809,2.3,1959,0.706161476188251,1.00271606238345,"mean.phi.juv",NA,"survival"
