"Mean","Median","SD","lcl","ucl","Rhat","parameter","Year","demographic"
0.500178289839216,0.500123512842628,0.000178454400351579,0.500004651432702,0.500654987634309,1.0002701180743,"agebeta",NA,"agebeta"
12020.154192293,12019.8454693742,29.0938648078802,11964.2676538387,12077.9776560403,1.00045197369946,"deviance",NA,"deviance"
1.00030634406775,1.0004070582896,0.00336838418806858,0.993565037774077,1.00671065891966,1.00122511688399,"fut.growth.rate[1]",NA,"fut.growth.rate[1]"
1.02112279821541,1.02119858645397,0.00357451573722446,1.01402185959324,1.0279686611698,1.00111547371498,"fut.growth.rate[2]",NA,"fut.growth.rate[2]"
0.937744566038405,0.937774912832581,0.00348758476642866,0.930889494237818,0.944483265809593,1.00153414372404,"fut.growth.rate[3]",NA,"fut.growth.rate[3]"
0.319712332217213,0.319684321149144,0.0102234912075938,0.301943007749539,0.337675249193646,1.00112541763894,"mean.fec",NA,"mean.fec"
0.966333442374019,0.966458656387513,0.00316151145932018,0.95989925608545,0.972257752951133,1.0014484741593,"mean.phi.ad",NA,"mean.phi.ad"
0.89736296186954,0.898164856057541,0.00264693676395417,0.890193195440348,0.899933511665506,1.00411161906399,"mean.phi.juv",NA,"mean.phi.juv"
0.975515642420306,0.980743836480971,0.0191863755913086,0.924625672857905,0.996208377235662,1.00000266757254,"phi.ad[1]",1979,"phi.ad[1]"
0.96712062193727,0.973754342963069,0.0244759178174102,0.903183383033462,0.995143003521356,1.00007753191607,"phi.ad[10]",1983,"phi.ad[10]"
0.936577225290689,0.943395332375956,0.0395631948946622,0.844216273641617,0.991364765744914,1.00029571762934,"phi.ad[11]",1984,"phi.ad[11]"
0.849782799743868,0.850169347114165,0.060377623832972,0.730327388007451,0.964495812195693,1.00001554576802,"phi.ad[12]",1984,"phi.ad[12]"
0.887762838470568,0.890737207019071,0.0505396444982419,0.780762798358288,0.975929079365684,1.00014892082521,"phi.ad[13]",1985,"phi.ad[13]"
0.92155744852011,0.92725847717653,0.0448996189722033,0.821269278286691,0.988761174808035,1.00028219359946,"phi.ad[14]",1985,"phi.ad[14]"
0.924268415673542,0.939154561960066,0.0569654478086752,0.784743743184634,0.992367739091733,1.00026994843723,"phi.ad[15]",1986,"phi.ad[15]"
0.973808518134167,0.978241161114521,0.0182704565615744,0.927195361005449,0.995748264772578,1.00009491332976,"phi.ad[16]",1986,"phi.ad[16]"
0.963286813448376,0.970589644833668,0.0275499389478498,0.891588281346029,0.994922117877363,1.00009127684589,"phi.ad[17]",1987,"phi.ad[17]"
0.968729540795317,0.974809074426816,0.0230696914467592,0.908512298040738,0.995429209800969,1.00014036723077,"phi.ad[18]",1987,"phi.ad[18]"
0.973537109002209,0.977875229049413,0.018115245929738,0.927615997442634,0.995640820912115,1.00015796972511,"phi.ad[19]",1988,"phi.ad[19]"
0.901893208006799,0.913288778957951,0.0637952497724118,0.752483853054182,0.988680924282228,1.00004646563476,"phi.ad[2]",1979,"phi.ad[2]"
0.840618745899594,0.840452240928727,0.0375695300563827,0.767514759251067,0.914231413414294,1.00022002584392,"phi.ad[20]",1988,"phi.ad[20]"
0.985055055940987,0.987212119919731,0.00949957293418177,0.961016848360778,0.997022281227922,1.0003121291876,"phi.ad[21]",1989,"phi.ad[21]"
0.980850075126953,0.983681810917925,0.0122812109051972,0.950078200723348,0.996365623241593,0.99998162289588,"phi.ad[22]",1989,"phi.ad[22]"
0.765251191766103,0.764174913793508,0.0300521344354222,0.709217687443347,0.827100739150105,1.00032833953478,"phi.ad[23]",1990,"phi.ad[23]"
0.977647121451126,0.981644797275931,0.0159767553926839,0.936213973005392,0.996322561639558,1.00007551361011,"phi.ad[24]",1990,"phi.ad[24]"
0.963520907795169,0.966790429076461,0.0206015644857171,0.915639168708915,0.993185164237606,0.999986016466538,"phi.ad[25]",1991,"phi.ad[25]"
0.959655680479822,0.960090962398711,0.0126500762470352,0.933162510096137,0.983338591315217,1.01006241564037,"phi.ad[26]",1991,"phi.ad[26]"
0.98953192086721,0.990830278099896,0.00625834648654403,0.974093253266359,0.997755569824998,1.00477683926708,"phi.ad[27]",1992,"phi.ad[27]"
0.977438042357975,0.979701956965097,0.0128809747030685,0.94739592262456,0.995682335111118,1.00164119267037,"phi.ad[28]",1992,"phi.ad[28]"
0.975638555147298,0.978535745423321,0.0148643692513052,0.939414357753478,0.99562358881581,1.00088240853025,"phi.ad[29]",1993,"phi.ad[29]"
0.936541521796979,0.953737551499954,0.0551536391306053,0.787329334387694,0.993798626149497,1.0001336824473,"phi.ad[3]",1980,"phi.ad[3]"
0.890636790065367,0.890047925281662,0.0275474843481854,0.839345581238718,0.947641269504917,1.00438200443385,"phi.ad[30]",1993,"phi.ad[30]"
0.922479436296648,0.92291086000823,0.0216248924405038,0.878777721697675,0.96351844128101,1.03856941515701,"phi.ad[31]",1994,"phi.ad[31]"
0.944883806028437,0.945743300485749,0.0187033982768883,0.906071638649951,0.979336008938521,1.01860994684443,"phi.ad[32]",1994,"phi.ad[32]"
0.979277357415578,0.981394652486599,0.0116941587416532,0.951292382196147,0.9955559718633,1.00255623934627,"phi.ad[33]",1995,"phi.ad[33]"
0.939541372600518,0.939700208290069,0.0190870178483916,0.90177597449216,0.975982534364604,1.0037640358217,"phi.ad[34]",1995,"phi.ad[34]"
0.850467933492362,0.850088956083818,0.0233291568867165,0.8061527303746,0.897758698343378,1.01082705235107,"phi.ad[35]",1996,"phi.ad[35]"
0.913013850759385,0.913433129087527,0.0235472061934739,0.865707713066477,0.958007112823298,1.001204281492,"phi.ad[36]",1996,"phi.ad[36]"
0.975447069098219,0.978729002008137,0.0152328569962038,0.937998757155407,0.995797827417398,1.00055172914934,"phi.ad[37]",1997,"phi.ad[37]"
0.839017319185429,0.839092549323043,0.0198054500105262,0.800260275000603,0.877731422285285,1.00754792192994,"phi.ad[38]",1997,"phi.ad[38]"
0.979982908802984,0.981661566630149,0.0106295778117913,0.955610698231736,0.995445826911878,1.00034624457325,"phi.ad[39]",1998,"phi.ad[39]"
0.892155802063391,0.89953327154738,0.0622586621826041,0.754436518479054,0.985819934664738,1.00004174415346,"phi.ad[4]",1980,"phi.ad[4]"
0.944293591339377,0.944579027193499,0.017630562091249,0.909165666050173,0.977959300810496,1.00254671983002,"phi.ad[40]",1998,"phi.ad[40]"
0.991548194719917,0.992621921591281,0.00499583630047557,0.979166639275189,0.998055560948676,1.00103046938647,"phi.ad[41]",1999,"phi.ad[41]"
0.897376897900966,0.918266080143651,0.0798174495971119,0.704691596669099,0.991534565886886,1.00424895944964,"phi.ad[42]",1999,"phi.ad[42]"
0.802468138426835,0.802756459850452,0.0781660222673559,0.649940467870775,0.952530432731628,1.00004619946602,"phi.ad[5]",1981,"phi.ad[5]"
0.928808957462721,0.939230052503845,0.0487033440297658,0.808435407724942,0.990992558159269,1.00000083294885,"phi.ad[6]",1981,"phi.ad[6]"
0.955499368545605,0.963188992447439,0.0315774150476786,0.875363107641064,0.993847034415552,1.00005227560523,"phi.ad[7]",1982,"phi.ad[7]"
0.976412609560774,0.980688361170148,0.016929348135905,0.932285625082672,0.996115623343411,1.00000253687374,"phi.ad[8]",1982,"phi.ad[8]"
0.911470294909442,0.918157115722988,0.0509651268206814,0.798510151721998,0.987844649475206,1.00002692506633,"phi.ad[9]",1983,"phi.ad[9]"
0.92599423724497,0.939256842498061,0.0522343995603454,0.790921259939209,0.987518789272045,0.999990306992893,"phi.juv[1]",2000,"phi.juv[1]"
0.902651821916433,0.918335399905085,0.0653521308697227,0.738520534930251,0.984055962261919,1.00011783585263,"phi.juv[10]",2004,"phi.juv[10]"
0.824414798994114,0.835317021408093,0.0967336167089829,0.616396930835293,0.972266717436833,1.00028831335891,"phi.juv[11]",2005,"phi.juv[11]"
0.64319325977034,0.633200415473573,0.114031953741934,0.446064666532018,0.892700853806027,1.00003975915837,"phi.juv[12]",2005,"phi.juv[12]"
0.715032015552738,0.711936078721675,0.106356799534715,0.515747065317032,0.92649406366882,1.00005363442971,"phi.juv[13]",2006,"phi.juv[13]"
0.789882400485236,0.794733821005682,0.103132089334218,0.582606012066801,0.963672423900546,1.00027375003388,"phi.juv[14]",2006,"phi.juv[14]"
0.800849766479677,0.824304805088048,0.127703975374601,0.517902698097196,0.975222473473607,1.00027064633637,"phi.juv[15]",2007,"phi.juv[15]"
0.920637581292058,0.931625192299917,0.0508703887252978,0.795638250935293,0.986197969975611,1.0001222051046,"phi.juv[16]",2007,"phi.juv[16]"
0.892429813437114,0.90937430571805,0.072474139540562,0.710367323770172,0.983407460647825,1.00008119603649,"phi.juv[17]",2008,"phi.juv[17]"
0.906777950776892,0.921535938176775,0.0626534941558029,0.748435317850187,0.985134300709159,1.00014592018044,"phi.juv[18]",2008,"phi.juv[18]"
0.919647981321977,0.930603268867718,0.0510342321416028,0.794080802930545,0.985697753789042,1.00017629497073,"phi.juv[19]",2009,"phi.juv[19]"
0.751428306725791,0.761712675868904,0.133225465218122,0.477058814704528,0.964003938426302,1.00002339492859,"phi.juv[2]",2000,"phi.juv[2]"
0.619392743744949,0.61584131261527,0.0708218275163038,0.490979217546904,0.768618987737157,1.00021121906136,"phi.juv[20]",2009,"phi.juv[20]"
0.952975299073323,0.959097554395614,0.0285524320131034,0.881260588941195,0.990241556216698,1.00024935834293,"phi.juv[21]",2010,"phi.juv[21]"
0.940366285363353,0.948273708060253,0.0364872880733961,0.849799645095825,0.988127232159754,0.999986049728319,"phi.juv[22]",2010,"phi.juv[22]"
0.49913036598184,0.496697582285622,0.0447822116050569,0.418559800035272,0.594044869377656,1.00012595833662,"phi.juv[23]",2011,"phi.juv[23]"
0.931232110407218,0.942283674866976,0.0463525065222037,0.81322150086639,0.988009362584719,1.0000168669369,"phi.juv[24]",2011,"phi.juv[24]"
0.890984529236221,0.898442935586744,0.057395566003782,0.76232902098946,0.978182141713581,1.00000751197439,"phi.juv[25]",2012,"phi.juv[25]"
0.878674723086193,0.879582306196883,0.0373756035553375,0.798928532208406,0.94852162435708,1.01324928498585,"phi.juv[26]",2012,"phi.juv[26]"
0.966464513031157,0.970572827206562,0.0197535948226914,0.918198667604889,0.992646202667241,1.004745950908,"phi.juv[27]",2013,"phi.juv[27]"
0.930358040278295,0.935985304181422,0.0375456474089231,0.844666332948681,0.985903570865649,1.00175479960282,"phi.juv[28]",2013,"phi.juv[28]"
0.924892116906939,0.932559889681956,0.0437336209898965,0.821527911977606,0.98611105528736,1.00080508189445,"phi.juv[29]",2014,"phi.juv[29]"
0.830859995224941,0.862334980393286,0.122556320345144,0.526223430452698,0.979773546375008,1.00010059139743,"phi.juv[3]",2001,"phi.juv[3]"
0.714334432057407,0.710786221589124,0.0629782739818451,0.601671449441273,0.850277369473948,1.00568941631446,"phi.juv[30]",2014,"phi.juv[30]"
0.78476272711003,0.785007236766339,0.0544125655834744,0.677240309451027,0.89113927592511,1.03636682810484,"phi.juv[31]",2015,"phi.juv[31]"
0.840217139300603,0.841627876788152,0.0499782476278933,0.738459762617183,0.935451772384656,1.01813263789154,"phi.juv[32]",2015,"phi.juv[32]"
0.935479300960668,0.941168067357691,0.0349583876447897,0.853003946864137,0.985555452018731,1.00344471454663,"phi.juv[33]",2016,"phi.juv[33]"
0.826682012555269,0.825920781110248,0.0496446489892987,0.730987115404118,0.925171044887538,1.00395563911258,"phi.juv[34]",2016,"phi.juv[34]"
0.634561311651166,0.632885255804045,0.0474578833599254,0.547369436687999,0.731667859190738,1.00922119820887,"phi.juv[35]",2017,"phi.juv[35]"
0.762857598710046,0.762275065294113,0.0575971375179624,0.651260166561636,0.877808176760516,1.00065227374633,"phi.juv[36]",2017,"phi.juv[36]"
0.92509099277367,0.933223095656335,0.0431772656429171,0.823382764407191,0.985871992640773,1.00073508284386,"phi.juv[37]",2018,"phi.juv[37]"
0.613416975593572,0.612638672587665,0.0428536925463722,0.530270601176417,0.699251643407968,1.00582177115464,"phi.juv[38]",2018,"phi.juv[38]"
0.937678935386842,0.942099068974192,0.0315018256297867,0.866713064430547,0.985019355064077,1.00040080205466,"phi.juv[39]",2019,"phi.juv[39]"
0.729244718831346,0.730624511111172,0.129343564398531,0.478513922199673,0.955217271894276,1.00003761942436,"phi.juv[4]",2001,"phi.juv[4]"
0.838459519350339,0.838338927125717,0.0474400060984038,0.745867005307177,0.931869487824377,1.00282554428529,"phi.juv[40]",2019,"phi.juv[40]"
0.972829596352599,0.976093429141373,0.0157007303352036,0.933797662323647,0.993601862687289,1.00088495233656,"phi.juv[41]",2020,"phi.juv[41]"
0.749791382507267,0.773946945980494,0.158501171805983,0.418631173513809,0.972419282101818,1.00248210445447,"phi.juv[42]",2020,"phi.juv[42]"
0.567478525898506,0.552677791913193,0.1288150921574,0.357183475208071,0.860244941896055,1.00007862808542,"phi.juv[5]",2002,"phi.juv[5]"
0.808872611446547,0.823960360394815,0.110296154023604,0.564110225020846,0.971005225167848,0.999985730762512,"phi.juv[6]",2002,"phi.juv[6]"
0.872177082411756,0.888162643776053,0.0802151054017627,0.681451226453935,0.979949249464981,1.00002260669734,"phi.juv[7]",2003,"phi.juv[7]"
0.928091491147032,0.939018661387382,0.0473826045685004,0.807684902287789,0.9872418401022,1.00002121822158,"phi.juv[8]",2003,"phi.juv[8]"
0.76786360588011,0.772993252448386,0.114059996844885,0.540601632030364,0.961603132291132,1.00003706652338,"phi.juv[9]",2004,"phi.juv[9]"
0.986112934999658,0.987538595387988,0.00601313753320538,0.971480418479742,0.994079764436208,1.00691962156636,"pop.growth.rate",NA,"pop.growth.rate"
4975.23890965835,4973.78675112756,31.5953797065602,4915.85823680981,5041.7894480959,1.04817763610671,"Ntot[1]",2004,"pop.size"
5261.39496328218,5262.99740621568,78.0756180520926,5104.15550645633,5410.74017488395,1.01729291224101,"Ntot[2]",2005,"pop.size"
5430.63056744366,5432.78047556942,77.6449999955358,5275.47932805438,5579.09349568676,1.01403169630976,"Ntot[3]",2006,"pop.size"
5602.60466371416,5606.04526812171,100.339739612422,5394.23285460402,5788.81791634178,1.00333337925068,"Ntot[4]",2007,"pop.size"
5666.83834322773,5671.14084576922,125.013529205716,5410.94675179273,5894.76796082088,1.00249933502493,"Ntot[5]",2008,"pop.size"
5130.6773767024,5127.04193415692,116.970421428632,4911.50384814511,5369.62388632202,1.00114499617987,"Ntot[6]",2009,"pop.size"
4934.59816161931,4931.3144533426,119.348594343934,4707.67622047069,5177.34853948423,1.04182981198241,"Ntot[7]",2010,"pop.size"
4802.07490963256,4802.05144253667,100.732909225609,4606.71349361966,5005.26093948223,1.01270399438304,"Ntot[8]",2011,"pop.size"
4947.91688907252,4945.4606650368,108.375303842219,4745.09827564913,5166.31736250602,1.02273432052896,"Ntot[9]",2012,"pop.size"
4912.34642356616,4909.36800996651,120.030856360127,4684.74756785336,5158.44314635778,1.00989202035171,"Ntot[10]",2013,"pop.size"
4580.64027876956,4577.39201936321,128.585976956847,4338.89804622577,4840.32444387155,1.04290534130987,"Ntot[11]",2014,"pop.size"
4282.02079382236,4282.29594294741,102.421827695708,4082.63029328999,4483.30714855623,1.05222804636625,"Ntot[12]",2015,"pop.size"
4462.61018986465,4463.65624077943,115.99906956066,4234.19833074021,4685.70562852203,1.02677664483161,"Ntot[13]",2016,"pop.size"
3800.40146281089,3800.33645965771,88.7384292035601,3629.20064588384,3978.84612009988,1.06297008215834,"Ntot[14]",2017,"pop.size"
4037.22242729872,4036.23290384776,96.5259223393786,3848.10398130521,4227.95483958533,1.05126068270215,"Ntot[15]",2018,"pop.size"
3935.70282632603,3933.36553126523,104.51937049604,3728.66378049782,4142.52647013835,1.0349012166614,"Ntot[16]",2019,"pop.size"
4159.84221227412,4159.21590599645,107.378987288207,3946.92268429668,4371.0787334339,1.0292178889502,"Ntot[17]",2020,"pop.size"
3941.68673177657,4018.77333977754,388.699469038312,3042.94770775986,4489.12407006807,1.00801697431502,"Ntot[18]",2021,"pop.size"
4050.4704232991,4117.59966789689,395.090991112909,3158.54813456555,4652.16102342328,1.00710192590074,"Ntot.f[1,1]",2022,"pop.size"
4050.45294628211,4118.26898106004,395.064883540016,3155.79323135491,4652.64063495395,1.00713776011375,"Ntot.f[2,1]",2022,"pop.size"
4050.53729948962,4117.90531860561,395.103356838753,3156.2132125055,4652.53020418472,1.00714057707418,"Ntot.f[3,1]",2022,"pop.size"
4027.34747267562,4093.9637638449,393.946097736468,3138.15026169694,4628.84427935651,1.00719216703008,"Ntot.f[1,2]",2023,"pop.size"
4134.90952427886,4202.42191094822,404.538655288671,3221.05011589482,4754.70617349513,1.00743607605218,"Ntot.f[2,2]",2023,"pop.size"
3764.07900859161,3824.85659595009,371.683190786798,2924.35579620271,4336.14867238251,1.00728206271173,"Ntot.f[3,2]",2023,"pop.size"
4023.04803696076,4088.12026892888,394.498363871757,3134.49689611632,4631.4729088306,1.00721847729892,"Ntot.f[1,3]",2024,"pop.size"
4249.36926424995,4316.21700540251,417.208516807756,3310.33001889476,4895.23901599219,1.00755551658769,"Ntot.f[2,3]",2024,"pop.size"
3516.81335847072,3570.02422065658,351.248126960832,2729.52207200585,4068.49083622561,1.00724140711315,"Ntot.f[3,3]",2024,"pop.size"
4016.15474236909,4078.16535747709,396.334417359461,3124.6730491977,4631.94772340733,1.00725327838609,"Ntot.f[1,4]",2025,"pop.size"
4334.40087390967,4401.24277722886,428.29109172042,3373.39361683384,5005.30284708493,1.00762861691104,"Ntot.f[2,4]",2025,"pop.size"
3285.22766362127,3331.95025907674,333.259677584774,2542.11620099183,3818.75876793251,1.00717907457879,"Ntot.f[3,4]",2025,"pop.size"
4014.47832936654,4074.05608820811,398.086046654132,3122.15400094522,4640.18957521341,1.00722239423487,"Ntot.f[1,5]",2026,"pop.size"
4428.75138797374,4494.25090915739,440.235747550096,3445.97428177907,5125.38782401443,1.00758216894496,"Ntot.f[2,5]",2026,"pop.size"
3074.69150878202,3115.67127766882,316.019385738218,2376.75505375581,3588.66100874424,1.00699975191254,"Ntot.f[3,5]",2026,"pop.size"
4011.48146144622,4068.67983185676,401.394647182933,3115.41285521748,4647.99160740471,1.00720565176883,"Ntot.f[1,6]",2027,"pop.size"
4519.64704242873,4583.69318322282,453.876702253579,3510.69358369726,5245.84711061741,1.00758030685607,"Ntot.f[2,6]",2027,"pop.size"
2876.51916891603,2913.07401887855,300.919175190892,2215.2452041943,3374.74189011795,1.00699489545141,"Ntot.f[3,6]",2027,"pop.size"
4013.23961063274,4067.59356231994,404.477391897754,3114.49320648518,4661.67427473402,1.00711914983853,"Ntot.f[1,7]",2028,"pop.size"
4615.65601987566,4677.76673295336,467.565634152031,3583.4775428961,5373.41127239517,1.00744527306469,"Ntot.f[2,7]",2028,"pop.size"
2694.95378861566,2726.35006923931,286.058476422887,2070.49172366126,3177.8409951173,1.00684927957495,"Ntot.f[3,7]",2028,"pop.size"
4014.70135881709,4066.70353797208,409.432441928915,3109.97651425476,4677.97240860871,1.00704782888492,"Ntot.f[1,8]",2029,"pop.size"
4711.22770938994,4771.73906403614,483.593069153585,3646.94428842429,5505.19342508316,1.00734025935071,"Ntot.f[2,8]",2029,"pop.size"
2523.5507274618,2551.03848160819,273.227656645167,1931.50677114734,2990.86650566866,1.00681053850449,"Ntot.f[3,8]",2029,"pop.size"
4019.25267757036,4068.84442083852,414.079028436624,3109.47173268331,4699.0439131402,1.00687915415358,"Ntot.f[1,9]",2030,"pop.size"
4811.36399157281,4870.74505914092,499.83280714846,3718.61508615312,5643.02350939596,1.00716080541072,"Ntot.f[2,9]",2030,"pop.size"
2364.45807838048,2387.66988010428,260.251338115242,1806.65760840019,2815.27103376994,1.00666816254791,"Ntot.f[3,9]",2030,"pop.size"
4024.41685624946,4071.44176167055,420.625214684944,3107.67346175498,4725.09486435086,1.00678850941799,"Ntot.f[1,10]",2031,"pop.size"
4913.63221108931,4968.93502444652,518.725331784077,3786.54718993055,5785.8843335587,1.00705931370591,"Ntot.f[2,10]",2031,"pop.size"
2214.40726958407,2234.80429696498,248.866881198215,1684.29922060159,2650.7991485698,1.00673796796123,"Ntot.f[3,10]",2031,"pop.size"
4029.76921503455,4073.68359503172,426.44196242242,3106.04478782256,4750.62893521241,1.00664855171064,"Ntot.f[1,11]",2032,"pop.size"
5018.59584437471,5071.67197347627,537.3917296958,3860.43294336443,5932.9047322403,1.00687236917123,"Ntot.f[2,11]",2032,"pop.size"
2073.22056117057,2089.58050827689,236.70918614667,1575.43600165511,2493.27771664109,1.00665330575888,"Ntot.f[3,11]",2032,"pop.size"
4035.64494208614,4077.00007216237,433.663248572188,3105.17309492928,4776.99402530761,1.00658651516274,"Ntot.f[1,12]",2033,"pop.size"
5127.10225536369,5176.89905579445,558.561118352501,3931.07762871143,6087.66522932873,1.0067383767537,"Ntot.f[2,12]",2033,"pop.size"
1941.22156836452,1955.09912210261,225.966190020381,1470.2356770688,2345.69461058671,1.00670651987843,"Ntot.f[3,12]",2033,"pop.size"
4039.24004443478,4076.95223309298,440.212909524294,3102.19892126242,4799.80350908559,1.00646578897772,"Ntot.f[1,13]",2034,"pop.size"
5235.98553181966,5282.73382263428,579.408224870205,4004.6220193097,6243.73481433331,1.00656514771512,"Ntot.f[2,13]",2034,"pop.size"
1815.74668940943,1826.41597136339,214.518116435843,1373.09028097952,2204.56391931479,1.00660185542343,"Ntot.f[3,13]",2034,"pop.size"
4044.55973703223,4079.10361817622,447.794476275126,3095.68848408648,4827.37909794319,1.00637619662672,"Ntot.f[1,14]",2035,"pop.size"
5349.71114393081,5394.31915768306,602.290674278794,4078.80192424263,6407.94849899456,1.0064434970011,"Ntot.f[2,14]",2035,"pop.size"
1700.43902476165,1709.5105710169,204.244321511518,1282.0128659803,2075.25246794699,1.00667830893291,"Ntot.f[3,14]",2035,"pop.size"
4046.62756067892,4078.66780445852,454.660396002754,3088.82409705662,4847.10740543174,1.00625800667194,"Ntot.f[1,15]",2036,"pop.size"
5461.68630831969,5501.56979011133,624.950672502372,4151.17006181268,6570.6733507188,1.00635094057815,"Ntot.f[2,15]",2036,"pop.size"
1590.29578078257,1596.83289074023,193.620616386884,1196.05908715116,1951.12164689144,1.00655801309243,"Ntot.f[3,15]",2036,"pop.size"
4051.90797055253,4080.7151468824,462.627471348385,3085.22634490374,4875.9851261883,1.00618712139809,"Ntot.f[1,16]",2037,"pop.size"
5579.35282975748,5614.83099056055,649.713689885272,4227.49694454435,6745.59050564514,1.00618926706827,"Ntot.f[2,16]",2037,"pop.size"
1491.10168249238,1496.08791235093,184.575581746257,1117.04978684101,1837.17783982013,1.00663975817986,"Ntot.f[3,16]",2037,"pop.size"
4053.74510700463,4079.96072372907,470.097258377072,3077.15452513441,4897.23265890912,1.00604377381723,"Ntot.f[1,17]",2038,"pop.size"
5695.89516916038,5728.62055429303,674.614405636705,4301.42096298579,6919.06973960423,1.00600725561252,"Ntot.f[2,17]",2038,"pop.size"
1395.63464282363,1399.30744252013,175.255838186317,1042.06627340724,1727.82055231561,1.00662024018218,"Ntot.f[3,17]",2038,"pop.size"
4059.47269168849,4083.68518807345,478.588687770112,3072.74841657247,4923.74022236577,1.00598607951414,"Ntot.f[1,18]",2039,"pop.size"
5818.33020998746,5848.1789624941,701.266436838486,4378.1544593274,7103.65786820138,1.00587453001876,"Ntot.f[2,18]",2039,"pop.size"
1310.34116002604,1313.75470631659,167.157594346786,975.137638954462,1629.73324811352,1.00671227685293,"Ntot.f[3,18]",2039,"pop.size"
4061.28933242473,4082.35005398924,486.753493061864,3064.93327336559,4947.46649788589,1.00588018653167,"Ntot.f[1,19]",2040,"pop.size"
5939.30735972051,5965.52172788732,728.711675516698,4452.12849779178,7286.72581238873,1.00570233119448,"Ntot.f[2,19]",2040,"pop.size"
1227.2347546541,1229.62335155203,159.044181393121,910.773284577193,1532.01098409376,1.00663793262492,"Ntot.f[3,19]",2040,"pop.size"
4067.21864376854,4084.1948727813,495.680399288017,3058.67096445499,4977.8646891818,1.00582944077048,"Ntot.f[1,20]",2041,"pop.size"
6066.85946729394,6088.56984698797,757.668570611841,4531.16384055739,7479.72338193143,1.00554966315782,"Ntot.f[2,20]",2041,"pop.size"
1153.63378186947,1154.9265670198,151.975240478262,853.319086509395,1448.38064554566,1.00667578027278,"Ntot.f[3,20]",2041,"pop.size"
4069.27684897634,4083.04259485201,504.344867950823,3049.59261442654,5002.19328039559,1.00573092169207,"Ntot.f[1,21]",2042,"pop.size"
6193.13864983925,6210.52249861019,787.779625931158,4606.39106930433,7671.7193629614,1.00539853573129,"Ntot.f[2,21]",2042,"pop.size"
1081.4206452477,1081.67263253607,144.581631635887,797.918729129579,1363.20507925476,1.00655367725984,"Ntot.f[3,21]",2042,"pop.size"
4075.48506418322,4087.17838772711,513.849699141208,3042.11713532189,5033.51964342994,1.00561075578041,"Ntot.f[1,22]",2043,"pop.size"
6326.14235779819,6341.1443920081,819.38853199618,4686.79870652166,7872.79910292115,1.00525439472857,"Ntot.f[2,22]",2043,"pop.size"
1018.00476615915,1017.98294331054,138.012931981422,748.021058542389,1288.16388868671,1.00652124470368,"Ntot.f[3,22]",2043,"pop.size"
4077.49320870585,4085.89571560967,522.883496709342,3031.96415800211,5058.88578149688,1.0054960429414,"Ntot.f[1,23]",2044,"pop.size"
6457.59057762149,6470.82709543873,852.001470360924,4765.98796678868,8076.90947154103,1.00514154019885,"Ntot.f[2,23]",2044,"pop.size"
954.914521591802,953.938310825433,131.318515022092,701.170141801242,1213.72950565437,1.00643490703674,"Ntot.f[3,23]",2044,"pop.size"
4083.60038708272,4089.52765680906,532.647895614047,3023.82877734815,5094.26241465529,1.00539022434645,"Ntot.f[1,24]",2045,"pop.size"
6595.73152836259,6605.25683064941,886.202430245056,4845.08799823824,8287.6008649358,1.00503800867562,"Ntot.f[2,24]",2045,"pop.size"
899.710627915593,898.55081262678,125.344729692381,659.615043972047,1148.13754225822,1.00639555858722,"Ntot.f[3,24]",2045,"pop.size"
4086.28164280576,4089.65199528104,542.387129254353,3014.03019430301,5121.88785996729,1.00532796256973,"Ntot.f[1,25]",2046,"pop.size"
6733.23393655779,6739.58427374457,921.615870343655,4921.99741955098,8509.0101708978,1.00491942193767,"Ntot.f[2,25]",2046,"pop.size"
845.268782618746,843.236172668095,119.274424889911,617.8290277295,1083.94332211934,1.00630083874855,"Ntot.f[3,25]",2046,"pop.size"
4091.94973071045,4093.48813091083,552.553484205643,3007.02284191051,5151.01154439519,1.00523478961167,"Ntot.f[1,26]",2047,"pop.size"
6876.40524215789,6878.26928166856,958.355512028132,5003.64252006201,8727.92144822677,1.00479870912144,"Ntot.f[2,26]",2047,"pop.size"
797.276357323825,794.777072743517,113.843680266244,582.761757037485,1025.63955484704,1.00626215839242,"Ntot.f[3,26]",2047,"pop.size"
4095.52973473685,4094.15512954764,562.689359316371,2998.11810620497,5181.57168043766,1.00519607166545,"Ntot.f[1,27]",2048,"pop.size"
7020.58982582742,7017.76448946733,996.510521849535,5084.03185071966,8961.10439987505,1.00468816285643,"Ntot.f[2,27]",2048,"pop.size"
750.407635275535,747.831105585745,108.395781484751,546.205337689805,968.531476748342,1.00626746702994,"Ntot.f[3,27]",2048,"pop.size"
4100.62704582243,4098.23633710788,572.988115517293,2987.62380782865,5215.05330057216,1.00506540525762,"Ntot.f[1,28]",2049,"pop.size"
7168.8544826303,7163.7104884318,1036.03556233446,5165.11762406218,9199.04929768936,1.00456615378368,"Ntot.f[2,28]",2049,"pop.size"
708.454562990111,705.673944763398,103.383118855145,516.062558262033,917.542053891908,1.00605374555402,"Ntot.f[3,28]",2049,"pop.size"
4104.6385348727,4101.25804448293,583.275704814284,2977.82669753057,5239.64790937593,1.00497051462689,"Ntot.f[1,29]",2050,"pop.size"
7319.43125420814,7308.80645935067,1077.19289024839,5249.73415427926,9440.28395164309,1.00448030348819,"Ntot.f[2,29]",2050,"pop.size"
668.510615601518,665.181484256294,98.4798570822467,485.53635607924,868.713444369627,1.00587994915123,"Ntot.f[3,29]",2050,"pop.size"
4109.2250883892,4104.15985874947,593.746342225515,2970.05536093514,5270.16015542106,1.00487452879641,"Ntot.f[1,30]",2051,"pop.size"
7473.11700045867,7456.99863814379,1119.7078263337,5334.78063468974,9681.27436903372,1.0043934220079,"Ntot.f[2,30]",2051,"pop.size"
631.755952352662,628.586380348915,93.9262637589388,457.483452719456,823.094138738213,1.00568650727875,"Ntot.f[3,30]",2051,"pop.size"
